<?xml version="1.0" encoding="UTF-8"?>
<metadata xml:lang="en"><Esri><CreaDate>20190310</CreaDate><CreaTime>23201500</CreaTime><ArcGISFormat>1.0</ArcGISFormat><ArcGISstyle>FGDC CSDGM Metadata</ArcGISstyle><SyncOnce>TRUE</SyncOnce><DataProperties><lineage><Process ToolSource="c:\program files (x86)\arcgis\desktop10.6\ArcToolbox\Toolboxes\Data Management Tools.tbx\JoinField" Date="20190310" Time="232015">JoinField 2010_US_Census_Tracts TRACT Population_Density_2017_Tabl1 Census_Tract #</Process><Process ToolSource="c:\program files (x86)\arcgis\desktop10.6\ArcToolbox\Toolboxes\Data Management Tools.tbx\JoinField" Date="20190310" Time="232258">JoinField 2010_US_Census_Tracts NAME10 Population_Density_2017_Tabl1 Census_Tract #</Process></lineage></DataProperties></Esri></metadata>
