OID,GEOID10,Census Tract,Block Group,Block Group Name,Tract and Block Group,Gross Land Acres,Estimated Total Population 2010,Estimated Total Population 2011,Estimated Total Population 2012,Estimated Total Population 2013,Estimated Total Population 2014,Estimated Total Population 2015,Estimated Total Population 2016,Estimated Total Population 2017,Population Change 2000-2010,Percent Population Change 2000-2010,Population Change 2010-2017,Percent Population Change 2010-2017,2017 Population Density,2010 to 2017 Population Change,2010 to 2017 Percent Population Change,2010 Population Density
1,5.3033E+11,112,1,Block Group 1,11200.1,291.9055866,1407,1408.343,1410.138,1423.965,1440.163,1462.637,1489.16,1501.011,168.95,13.65%,94.011,6.68%,5.140410959,94,6.7,4.818493151
2,5.3033E+11,104.02,1,Block Group 1,10402.1,168.5293293,1191,1200.299,1211.873,1243.132,1254.251,1291.191,1318.355,1354.853,-6.047,-0.51%,163.853,13.76%,8.017751479,164,13.8,7.047337278
3,5.3033E+11,102,4,Block Group 4,10200.4,98.65113994,1192,1190.953,1193.672,1195.681,1204.326,1219.174,1236.413,1264.012,99.959,9.15%,72.012,6.04%,12.76767677,72,6,12.04040404
4,5.3033E+11,102,2,Block Group 2,10200.2,355.3410279,999,988.827,992.086,991.649,1000.82,1019.421,1036.292,1056.603,-56.04,-5.31%,57.603,5.77%,2.977464789,58,5.8,2.814084507
5,5.3033E+11,119,1,Block Group 1,11900.1,137.4972276,1322,1323.137,1324.18,1333.303,1347.959,1375.314,1403.767,1421.988,-8.052,-0.61%,99.988,7.56%,10.37956204,100,7.6,9.649635036
6,5.3033E+11,120,2,Block Group 2,12000.2,125.7057197,1175,1175.603,1177.237,1170.051,1178.084,1188.122,1205.317,1234.609,8.953,0.77%,59.609,5.07%,9.801587302,60,5.1,9.325396825
7,5.3033E+11,116,3,Block Group 3,11600.3,136.8190371,1242,1240.957,1243.463,1249.645,1262.567,1275.124,1297.539,1253.477,62.953,5.34%,11.477,0.92%,9.145985401,11,0.9,9.065693431
8,5.3033E+11,114.01,3,Block Group 3,11401.3,123.6987298,1454,1453.032,1460.31,1466.586,1482.681,1519.366,1547.236,1542.075,-27.058,-1.83%,88.075,6.06%,12.43548387,88,6.1,11.72580645
9,5.3033E+11,116,1,Block Group 1,11600.1,109.9557169,1203,1200.365,1206.448,1209.309,1227.556,1249.032,1278.711,1309.904,69.955,6.17%,106.904,8.89%,11.90909091,107,8.9,10.93636364
10,5.3033E+11,97.02,5,Block Group 5,9702.5,175.1831359,1155,1155.604,1155.439,1169.518,1182.72,1192.182,1233.001,1268.769,45.956,4.14%,113.769,9.85%,7.251428571,114,9.9,6.6
11,5.3033E+11,97.01,1,Block Group 1,9701.1,119.0847781,1650,1648.456,1666.371,1691.451,1710.048,1742.878,1774.174,1827.403,71.934,4.56%,177.403,10.75%,15.35294118,177,10.8,13.86554622
12,5.3033E+11,7,2,Block Group 2,700.2,107.9937002,1136,1135.07,1135.921,1142.147,1151.871,1167.671,1190.255,1219.623,33.956,3.08%,83.623,7.36%,11.2962963,84,7.4,10.51851852
13,5.3033E+11,6,5,Block Group 5,600.5,139.0368079,803,806.634,807.354,815.177,823.127,834.562,848.049,860.578,-16.033,-1.96%,57.578,7.17%,6.194244604,58,7.2,5.776978417
14,5.3033E+11,1,5,Block Group 5,100.5,56.96075559,942,940.874,941.345,947.084,955.918,1011.447,1038.299,1071.831,669.984,246.30%,129.831,13.78%,18.80701754,130,13.8,16.52631579
15,5.3033E+11,2,3,Block Group 3,200.3,244.1285025,1509,1507.513,1607.84,1643.375,1656.38,1677.046,1715.917,1763.119,-7.069,-0.47%,254.119,16.84%,7.225409836,254,16.8,6.18442623
16,5.3033E+11,27,2,Block Group 2,2700.2,123.0841787,1340,1340.647,1341.735,1348.837,1364.252,1391.225,1416.993,1449.282,15.949,1.21%,109.282,8.15%,11.7804878,109,8.2,10.89430894
17,5.3033E+11,27,1,Block Group 1,2700.1,89.50453426,1426,1426.375,1426.497,1433.893,1440.02,1452.544,1476.34,1512.472,53.944,3.93%,86.472,6.06%,16.8,86,6.1,15.84444444
18,5.3033E+11,11,2,Block Group 2,1100.2,137.2302204,1280,1278.926,1281.047,1286.346,1292.281,1303.887,1336.145,1369.251,80.953,6.75%,89.251,6.97%,9.99270073,89,7,9.343065693
19,5.3033E+11,12,1,Block Group 1,1200.1,122.0253321,1262,1255.986,1266.825,1275.431,1280.759,1296.491,1321.028,1279.456,20.951,1.69%,17.456,1.38%,10.48360656,17,1.4,10.3442623
20,5.3033E+11,12,2,Block Group 2,1200.2,60.70020132,1149,1136.914,1137.874,1146.813,1155.902,1172.826,1197.144,1106.759,-5.046,-0.44%,-42.241,-3.68%,18.14754098,-42,-3.7,18.83606557
21,5.3033E+11,16,3,Block Group 3,1600.3,92.44212303,1414,1414.755,1415.558,1422.696,1427.292,1493.617,1538.561,1595.809,74.945,5.60%,181.809,12.86%,17.34782609,182,12.9,15.36956522
22,5.3033E+11,17.02,1,Block Group 1,1702.1,84.91726997,1322,1322.716,1323.172,1331.871,1527.414,1732.364,1782.467,1836.906,88.951,7.21%,514.906,38.95%,21.61176471,515,38.9,15.55294118
23,5.3033E+11,14,1,Block Group 1,1400.1,79.79502253,1072,1071.04,1071.556,1076.82,1086.478,1095.721,1125.131,1163.206,2.957,0.28%,91.206,8.51%,14.5375,91,8.5,13.4
24,5.3033E+11,34,1,Block Group 1,3400.1,65.03047601,1140,1154.118,1154.741,1168.293,1177.919,1193.039,1213.667,1247.07,21.953,1.96%,107.07,9.39%,19.18461538,107,9.4,17.53846154
25,5.3033E+11,34,2,Block Group 2,3400.2,62.75537677,1139,1138.007,1141.219,1148.122,1154.759,1166.166,1181.537,1210.956,10.956,0.97%,71.956,6.32%,19.22222222,72,6.3,18.07936508
26,5.3033E+11,29,2,Block Group 2,2900.2,81.6858729,1416,1414.748,1415.07,1420.697,1431.338,1445.183,1465.264,1499.539,84.948,6.38%,83.539,5.90%,18.29268293,84,5.9,17.26829268
27,5.3033E+11,29,3,Block Group 3,2900.3,72.87137686,1368,1357.95,1360.468,1367.181,1382.775,1393.587,1417.092,1450.343,80.948,6.29%,82.343,6.02%,19.8630137,82,6,18.73972603
28,5.3033E+11,28,2,Block Group 2,2800.2,49.78061453,896,895.032,898.354,906.323,907.476,912.763,931.133,947.841,-15.038,-1.65%,51.841,5.79%,18.96,52,5.8,17.92
29,5.3033E+11,43.01,1,Block Group 1,4301.1,85.11198901,1219,1221.406,1222.553,1229.417,1232.669,1236.391,1250.795,1277.713,552.973,83.03%,58.713,4.82%,15.03529412,59,4.8,14.34117647
30,5.3033E+11,38,1,Block Group 1,3800.1,85.44953496,1097,1099.664,1100.01,1105.049,1108.163,1115.852,1210.817,1288.827,70.958,6.92%,191.827,17.49%,15.16470588,192,17.5,12.90588235
31,5.3033E+11,42,3,Block Group 3,4200.3,135.9736896,1517,1507.803,1511.137,1520.175,1514.941,1552.222,1578.149,1596.828,157.946,11.62%,79.828,5.26%,11.74264706,80,5.3,11.15441176
32,5.3033E+11,22,2,Block Group 2,2200.2,140.3165667,1416,1405.66,1411.294,1420.996,1433.375,1453.332,1476.163,1510.731,55.944,4.11%,94.731,6.69%,10.79285714,95,6.7,10.11428571
33,5.3033E+11,40,1,Block Group 1,4000.1,530.2033199,1701,1702.927,1783.277,1799.339,1886.523,1919.359,1959.841,1993.623,183.939,12.13%,292.623,17.20%,3.762264151,293,17.2,3.209433962
34,5.3033E+11,52,5,Block Group 5,5200.5,40.71234126,1388,1382.629,1387.663,1404.118,1424.971,1685.565,1768.256,1922.659,337.958,32.19%,534.659,38.52%,46.90243902,535,38.5,33.85365854
35,5.3033E+11,51,1,Block Group 1,5100.1,79.20814725,1298,1296.749,1297.06,1302.785,1322.541,1340.529,1360.266,1391.003,127.954,10.94%,93.003,7.17%,17.60759494,93,7.2,16.43037975
36,5.3033E+11,43.01,3,Block Group 3,4301.3,92.27829216,1104,1104.661,1107.836,1114.046,1119.541,1131.564,1152.166,1178.51,-93.048,-7.77%,74.51,6.75%,12.81521739,75,6.7,12
37,5.3033E+11,59,2,Block Group 2,5900.2,88.95373637,1331,1332.011,1335.216,1344.141,1343.458,1359.325,1374.938,1413.423,166.953,14.34%,82.423,6.19%,15.87640449,82,6.2,14.95505618
38,5.3033E+11,47,4,Block Group 4,4700.4,138.5723201,1939,2122.366,2372.802,2512.288,2570.231,2681.775,3053.727,3443.245,519.943,36.64%,1504.245,77.58%,24.76978417,1504,77.6,13.94964029
39,5.3033E+11,47,3,Block Group 3,4700.3,74.41479707,2203,2203.41,2217.837,2374.178,2746.412,3249.695,3508.16,3801.72,966.952,78.23%,1598.72,72.57%,51.37837838,1599,72.6,29.77027027
40,5.3033E+11,60,1,Block Group 1,6000.1,60.22520011,1416,1424.739,1419.242,1424.256,1440.555,1466.395,1516.081,1560.658,60.946,4.50%,144.658,10.22%,26.01666667,145,10.2,23.6
41,5.3033E+11,67,1,Block Group 1,6700.1,83.58542619,1879,1876.455,1877.24,2341.287,2414.309,2450.748,2512.074,3599.377,672.953,55.80%,1720.377,91.56%,42.8452381,1720,91.6,22.36904762
42,5.3033E+11,66,1,Block Group 1,6600.1,195.7337263,1789,2123.185,2214.028,2346.974,2376.147,2406.067,2454.639,2634.935,419.944,30.67%,845.935,47.29%,13.44387755,846,47.3,9.12755102
43,5.3033E+11,75,3,Block Group 3,7500.3,34.09658889,1590,1587.985,1588.822,1621.616,1644.061,1676.037,1711.335,1722.236,89.94,6.00%,132.236,8.32%,50.64705882,132,8.3,46.76470588
44,5.3033E+11,65,1,Block Group 1,6500.1,168.8372226,1112,1111.035,1114.28,1117.435,1125.442,1141.647,1154.188,1180.067,-24.047,-2.12%,68.067,6.12%,6.982248521,68,6.1,6.579881657
45,5.3033E+11,76,1,Block Group 1,7600.1,42.16457958,1137,1133.71,1136.885,1155.9,1225.023,1251.498,1279.035,1318.29,74.957,7.06%,181.29,15.95%,31.38095238,181,15.9,27.07142857
46,5.3033E+11,53.02,3,Block Group 3,5302.3,461.8850593,2771,2818.771,2786.568,2815.14,2799.59,2782.758,2052.792,2064.905,192.895,7.48%,-706.095,-25.48%,4.46969697,-706,-25.5,5.997835498
47,5.3033E+11,60,3,Block Group 3,6000.3,95.85118887,1222,1226.74,1238.352,1243.056,1252.874,1266.568,1399.585,1450.222,50.956,4.35%,228.222,18.68%,15.10416667,228,18.7,12.72916667
48,5.3033E+11,48,2,Block Group 2,4800.2,73.08882959,1231,1233.478,1228.161,1242.764,1252.001,1269.843,1295.724,1326.761,48.952,4.14%,95.761,7.78%,18.17808219,96,7.8,16.8630137
49,5.3033E+11,71,2,Block Group 2,7100.2,136.3114826,2006,2003.354,2039.263,2557.661,2692.687,2816.399,3093.323,3255.285,1086.962,118.27%,1249.285,62.28%,23.93382353,1249,62.3,14.75
50,5.3033E+11,70,1,Block Group 1,7000.1,51.55038327,1083,1079.325,1082.233,1089.664,1096.424,1113.823,1139.076,1176.155,-18.043,-1.64%,93.155,8.60%,22.61538462,93,8.6,20.82692308
51,5.3033E+11,68,1,Block Group 1,6800.1,76.73511659,1291,1300.104,1300.404,1314.414,1321.638,1332.552,1361.476,1378.64,-8.047,-0.62%,87.64,6.79%,17.90909091,88,6.8,16.76623377
52,5.3033E+11,80.01,5,Block Group 5,8001.5,4.62754247,801,799.916,800.354,805.857,812.674,827.348,850.116,881.308,801,0.00%,80.308,10.03%,176.2,80,10,160.2
53,5.3033E+11,80.01,4,Block Group 4,8001.4,13.58338279,1432,1430.178,1430.734,1439.268,1618.27,1663.148,1826.395,1901.545,926.98,183.55%,469.545,32.79%,135.8571429,470,32.8,102.2857143
54,5.3033E+11,67,3,Block Group 3,6700.3,47.9836642,1220,1218.542,1215.106,1227.009,1238.141,1262.1,1300.775,1338.248,-23.05,-1.85%,118.248,9.69%,27.875,118,9.7,25.41666667
55,5.3033E+11,92,1,Block Group 1,9200.1,30.93635817,1326,1327.228,1327.22,1334.87,1361.084,1379.999,1603.18,1670.389,401.962,43.50%,344.389,25.97%,53.87096774,344,26,42.77419355
56,5.3033E+11,84,2,Block Group 2,8400.2,36.80708782,1422,1420.02,1420.624,1805.902,1865.649,1906.134,1949.25,2217.636,73.946,5.49%,795.636,55.95%,59.94594595,796,56,38.43243243
57,5.3033E+11,90,2,Block Group 2,9000.2,130.483008,1711,1700.872,1708.734,1718.276,1730.762,1760.294,1818.443,1871.387,359.946,26.64%,160.387,9.37%,14.39230769,160,9.4,13.16153846
58,5.3033E+11,87,1,Block Group 1,8700.1,84.83523098,1404,1406.562,1414.709,1419.963,1444.892,1469.926,1508.748,1563.668,-130.063,-8.48%,159.668,11.37%,18.4,160,11.4,16.51764706
59,5.3033E+11,79,3,Block Group 3,7900.3,30.36702738,872,871.129,871.643,884.6,898.95,919.742,941.099,994.919,97.969,12.66%,122.919,14.10%,33.16666667,123,14.1,29.06666667
60,5.3033E+11,88,3,Block Group 3,8800.3,52.97593421,944,945.252,950.045,955.987,949.799,971.772,989.76,1003.684,-19.038,-1.98%,59.684,6.32%,18.94339623,60,6.3,17.81132075
61,5.3033E+11,78,1,Block Group 1,7800.1,191.1380986,1235,1233.981,1230.189,1226.935,1232.651,1251.035,1267.805,1299.882,-20.048,-1.60%,64.882,5.25%,6.806282723,65,5.3,6.465968586
62,5.3033E+11,100.01,3,Block Group 3,10001.3,106.5812458,1447,1444.602,1487.805,1513.171,1528.866,1581.176,1603.462,1639.321,316.955,28.05%,192.321,13.29%,15.31775701,192,13.3,13.52336449
63,5.3033E+11,101,1,Block Group 1,10100.1,170.8017283,1112,1111.004,1110.986,1116.471,1117.776,1133.24,1146.398,1172.761,-46.043,-3.98%,60.761,5.46%,6.859649123,61,5.5,6.502923977
64,5.3033E+11,108,1,Block Group 1,10800.1,660.0280801,1358,1360.668,1360.839,1367.579,1373.11,1389.179,1407.463,1427.917,33.948,2.56%,69.917,5.15%,2.163636364,70,5.1,2.057575758
65,5.3033E+11,106,1,Block Group 1,10600.1,139.2596969,1437,1435.729,1437.78,1442.32,1449.501,1468.863,1482.891,1528.36,75.945,5.58%,91.36,6.36%,10.99280576,91,6.4,10.3381295
66,5.3033E+11,106,5,Block Group 5,10600.5,183.3772528,1474,1462.886,1474.805,1474.112,1485.245,1503.167,1528.996,1553.338,28.94,2.00%,79.338,5.38%,8.486338798,79,5.4,8.054644809
67,5.3033E+11,107.02,2,Block Group 2,10702.2,51.38457556,1421,1424.308,1488.917,1526.601,1552.815,1602.691,1620.636,1652.55,366.958,34.81%,231.55,16.30%,32.41176471,232,16.3,27.8627451
68,5.3033E+11,105,2,Block Group 2,10500.2,94.9524666,1261,1263.968,1264.528,1279.714,1290.54,1314.715,1339.762,1375.464,23.95,1.94%,114.464,9.08%,14.47368421,114,9.1,13.27368421
69,5.3033E+11,99,3,Block Group 3,9900.3,252.7418547,1219,1220.931,1224.543,1329.618,1351.517,1532.944,1589.977,1619.514,6.952,0.57%,400.514,32.86%,6.403162055,401,32.9,4.818181818
70,5.3033E+11,104.01,2,Block Group 2,10401.2,156.4631736,1782,1784.66,1785.917,1795.63,1812.513,1829.748,1850.386,1873.036,144.185,8.80%,91.036,5.11%,12.00641026,91,5.1,11.42307692
71,5.3033E+11,110.01,2,Block Group 2,11001.2,77.31359029,1104,1107.276,1108.296,1108.043,1112.284,1124.296,1146.866,1165.051,284.676,34.75%,61.051,5.53%,15.12987013,61,5.5,14.33766234
72,5.3033E+11,103,1,Block Group 1,10300.1,76.83568848,948,949.344,947.533,963.05,972.96,980.136,991.37,1010.428,-72.04,-7.06%,62.428,6.59%,13.11688312,62,6.6,12.31168831
73,5.3033E+11,111.02,2,Block Group 2,11102.2,70.53054758,1279,1278.329,1294.708,1302.428,1316.84,1330.837,1379.694,1332.639,99.952,8.48%,53.639,4.19%,18.77464789,54,4.2,18.01408451
74,5.3033E+11,119,5,Block Group 5,11900.5,211.385804,1591,1577.206,1584.21,1591.931,1602.754,1621.595,1652.534,1694.933,149.939,10.41%,103.933,6.53%,8.033175355,104,6.5,7.54028436
75,5.3033E+11,118,2,Block Group 2,11800.2,92.84070401,885,884.26,884.599,892.023,898.507,908.827,915.097,925.02,20.965,2.43%,40.02,4.52%,9.946236559,40,4.5,9.516129032
76,5.3033E+11,120,1,Block Group 1,12000.1,115.1775478,1082,1081.004,1081.501,1088.922,1081.585,1108.883,1131.089,1141.233,-79.048,-6.81%,59.233,5.47%,9.92173913,59,5.5,9.408695652
77,5.3033E+11,115,3,Block Group 3,11500.3,111.7499491,1415,1406.333,1409.354,1415.306,1421.492,1445.838,1474.211,1514.368,46.943,3.43%,99.368,7.02%,13.51785714,99,7,12.63392857
78,5.3033E+11,69,1,Block Group 1,6900.1,53.50251578,1042,1043.142,1043.896,1047.115,1058.821,1078.287,1097.765,1130.767,64.96,6.65%,88.767,8.52%,20.94444444,89,8.5,19.2962963
79,5.3033E+11,6,2,Block Group 2,600.2,61.11830362,1172,1170.858,1171.685,1178.649,1195.014,1211.803,1230.994,1266.382,-209.057,-15.14%,94.382,8.05%,20.75409836,94,8.1,19.21311475
80,5.3033E+11,3,1,Block Group 1,300.1,194.8139287,1258,1257.045,1262.044,1267.409,1274.21,1323.28,1350.823,1385.427,62.925,5.27%,127.427,10.13%,7.102564103,127,10.1,6.451282051
81,5.3033E+11,1,2,Block Group 2,100.2,71.26321504,1234,1234.519,1476.167,1515.534,1530.861,1554.673,1590.959,1772.443,-93.065,-7.01%,538.443,43.63%,24.95774648,538,43.6,17.38028169
82,5.3033E+11,20,1,Block Group 1,2000.1,137.5615301,1514,1507.522,1508.121,1526.526,1535.882,1557.288,1587.853,1632.074,121.945,8.76%,118.074,7.80%,11.82608696,118,7.8,10.97101449
83,5.3033E+11,19,3,Block Group 3,1900.3,119.3276827,1266,1267.084,1270.537,1271.606,1285.284,1292.069,1308.059,1342.961,68.953,5.76%,76.961,6.08%,11.28571429,77,6.1,10.63865546
84,5.3033E+11,18,1,Block Group 1,1800.1,104.2483239,1490,1488.802,1500.857,1510.551,1520.361,1525.25,1563.876,1588.151,130.947,9.64%,98.151,6.59%,15.26923077,98,6.6,14.32692308
85,5.3033E+11,18,3,Block Group 3,1800.3,68.44992027,1546,1546.651,1547.862,1569.264,1585.108,1638.175,1683.191,1730.459,193.944,14.34%,184.459,11.93%,25.44117647,184,11.9,22.73529412
86,5.3033E+11,11,1,Block Group 1,1100.1,124.8047735,1223,1221.987,1222.647,1230.384,1240.207,1262.315,1287.429,1295.388,52.951,4.53%,72.388,5.92%,10.36,72,5.9,9.784
87,5.3033E+11,33,1,Block Group 1,3300.1,78.99341267,1178,1188.136,1189.946,1196.732,1196.98,1215.498,1252.251,1304.732,72.956,6.60%,126.732,10.76%,16.51898734,127,10.8,14.91139241
88,5.3033E+11,21,1,Block Group 1,2100.1,140.2943272,1506,1506.382,1509.796,1510.66,1522.623,1536.354,1563.436,1600.932,35.942,2.45%,94.932,6.30%,11.43571429,95,6.3,10.75714286
89,5.3033E+11,9,1,Block Group 1,900.1,129.1454266,1093,1097.5,1098.327,1110.797,1117.223,1135.539,1159.508,1187.679,-33.047,-2.94%,94.679,8.66%,9.209302326,95,8.7,8.472868217
90,5.3033E+11,22,4,Block Group 4,2200.4,243.1035094,1130,1156.762,1156.483,1161.69,1161.648,1173.123,1195.126,1209.638,-119.116,-9.54%,79.638,7.05%,4.979423868,80,7,4.650205761
91,5.3033E+11,53.01,1,Block Group 1,5301.1,32.13111269,3246,3523.547,3580.382,3407.704,3581.404,3665.555,3779.432,3827.211,472.889,17.05%,581.211,17.91%,119.59375,581,17.9,101.4375
92,5.3033E+11,53.01,2,Block Group 2,5301.2,49.54141652,1692,1689.889,1786.743,1800.521,2037.816,2249.321,2674.707,2805.125,649.959,62.37%,1113.125,65.79%,56.1,1113,65.8,33.84
93,5.3033E+11,44,3,Block Group 3,4400.3,40.92287504,1609,1627.635,1652.152,1638.327,1659.811,1661.764,1676.442,1726.457,213.944,15.34%,117.457,7.30%,42.09756098,117,7.3,39.24390244
94,5.3033E+11,44,4,Block Group 4,4400.4,41.00318429,1765,1765.473,1769.713,1894.946,1993.095,2031.694,2071.256,2281.439,167.935,10.52%,516.439,29.26%,55.63414634,516,29.3,43.04878049
95,5.3033E+11,45,2,Block Group 2,4500.2,101.6112153,1598,1588.867,1594.87,1598.828,1606.939,1626.733,1647.003,1681.939,106.939,7.17%,83.939,5.25%,16.49019608,84,5.3,15.66666667
96,5.3033E+11,58.01,4,Block Group 4,5801.4,261.5442322,1069,1075.065,1075.513,1081.224,1088.971,1112.846,1143.088,1205.935,14.958,1.42%,136.935,12.81%,4.603053435,137,12.8,4.080152672
97,5.3033E+11,57,6,Block Group 6,5700.6,85.70084113,1245,1247.415,1254.176,1262.313,1270.46,1290.643,1317.723,1354.776,-69.052,-5.26%,109.776,8.82%,15.75581395,110,8.8,14.47674419
98,5.3033E+11,57,5,Block Group 5,5700.5,123.0843292,1017,1021.357,1024.862,1039.823,1052.484,1073.552,1107.158,1130.832,83.964,9.00%,113.832,11.19%,9.195121951,114,11.2,8.268292683
99,5.3033E+11,54,3,Block Group 3,5400.3,76.13761578,1279,1279.364,1281.831,1382.554,1397.832,1645.2,1838.673,2076.355,241.959,23.33%,797.355,62.34%,27.31578947,797,62.3,16.82894737
100,5.3033E+11,73,1,Block Group 1,7300.1,72.80144603,1685,1812.906,1827.93,1970.458,2524.701,2867.172,3293.951,3974.335,875.969,108.27%,2289.335,135.87%,54.43835616,2289,135.9,23.08219178
101,5.3033E+11,62,3,Block Group 3,6200.3,149.9692442,1007,1006.155,1008.935,1015.93,1021.225,1024.389,1037.069,1059.635,-0.042,0.00%,52.635,5.23%,7.066666667,53,5.2,6.713333333
102,5.3033E+11,53.01,3,Block Group 3,5301.3,35.00667801,1234,1226.761,1227.24,1234.631,1255.422,1276.902,1308.018,1343.135,95.954,8.43%,109.135,8.84%,38.37142857,109,8.8,35.25714286
103,5.3033E+11,64,1,Block Group 1,6400.1,74.30730623,1024,1027.242,1031.715,1039.166,1052.282,1067.566,1082.054,1079.185,35.958,3.64%,55.185,5.39%,14.58108108,55,5.4,13.83783784
104,5.3033E+11,63,2,Block Group 2,6300.2,137.8223315,1317,1317.747,1318.283,1327.877,1330.124,1351.374,1380.633,1417.26,-48.055,-3.52%,100.26,7.61%,10.26811594,100,7.6,9.543478261
105,5.3033E+11,70,5,Block Group 5,7000.5,18.55044806,1052,1051.906,1051.999,1058.797,1067.062,1086.032,1112.223,1125.485,8.959,0.86%,73.485,6.98%,59.21052632,73,7,55.36842105
106,5.3033E+11,35,3,Block Group 3,3500.3,148.4542411,1199,1197.869,1188.773,1189.483,1194.783,1226.233,1242.626,1273.161,102.958,9.39%,74.161,6.19%,8.601351351,74,6.2,8.101351351
107,5.3033E+11,49,1,Block Group 1,4900.1,48.47812207,1216,1214.678,1220.717,1239.116,1247.202,1257.252,1278.813,1310.626,133.957,12.38%,94.626,7.78%,27.3125,95,7.8,25.33333333
108,5.3033E+11,80.02,2,Block Group 2,8002.2,31.30627493,1255,1255.244,1255.819,1264.611,1319.108,1553.124,1646.432,1663.456,110.954,9.70%,408.456,32.55%,53.64516129,408,32.5,40.48387097
109,5.3033E+11,92,2,Block Group 2,9200.2,46.35922533,1499,1497.35,1497.447,1503.587,1510.75,1524.243,1587.154,1626.422,588.962,64.72%,127.422,8.50%,35.34782609,127,8.5,32.58695652
110,5.3033E+11,82,3,Block Group 3,8200.3,13.92043453,1008,1001.243,1001.604,1006.384,1013.708,1497,1591.192,1631.257,-181.047,-15.23%,623.257,61.83%,116.5,623,61.8,72
111,5.3033E+11,85,1,Block Group 1,8500.1,40.72049573,1127,1126.797,1123.96,1141.885,1149.375,1177.411,1208.315,1238.883,9.956,0.89%,111.883,9.93%,30.2195122,112,9.9,27.48780488
112,5.3033E+11,85,2,Block Group 2,8500.2,40.92658162,993,991.913,992.148,996.958,1002.922,877.527,971.313,1011.388,-194.049,-16.35%,18.388,1.85%,24.65853659,18,1.9,24.2195122
113,5.3033E+11,79,2,Block Group 2,7900.2,45.67125204,1116,1115.001,1118.709,1139.522,1153.757,1175.112,1216.167,1264.44,254.965,29.61%,148.44,13.30%,27.47826087,148,13.3,24.26086957
114,5.3033E+11,88,2,Block Group 2,8800.2,99.80932286,1213,1212.023,1212.745,1222.796,1239.902,1252.42,1282.576,1311.062,-61.05,-4.79%,98.062,8.08%,13.11,98,8.1,12.13
115,5.3033E+11,89,3,Block Group 3,8900.3,72.65886623,1190,1192.748,1259.223,1276.791,1290.365,1309.46,1336.983,1389.286,59.958,5.31%,199.286,16.75%,19.02739726,199,16.7,16.30136986
116,5.3033E+11,104.02,4,Block Group 4,10402.4,87.07647679,1224,1217.024,1212.265,1226.166,1234.098,1250.67,1278.913,1305.31,85.954,7.55%,81.31,6.64%,15,81,6.6,14.06896552
117,5.3033E+11,101,3,Block Group 3,10100.3,73.20225096,764,883.945,974.347,1295.2,1366.616,1434.985,1475.161,1517.015,-273.041,-26.33%,753.015,98.56%,20.78082192,753,98.6,10.46575342
118,5.3033E+11,94,4,Block Group 4,9400.4,34.11932259,753,760.542,761.01,764.531,767.425,780.485,807.906,847.894,52.973,7.57%,94.894,12.60%,24.94117647,95,12.6,22.14705882
119,5.3033E+11,94,3,Block Group 3,9400.3,115.7871568,1173,1163.081,1156.247,1161.384,1159.171,1180.144,1200.718,1217.996,-9.048,-0.77%,44.996,3.84%,10.5,45,3.8,10.11206897
120,5.3033E+11,99,1,Block Group 1,9900.1,104.8255621,1128,1121.91,1125.022,1132.319,1140.429,1159.732,1179.481,1204.635,112.96,11.13%,76.635,6.79%,11.47619048,77,6.8,10.74285714
121,5.3033E+11,112,2,Block Group 2,11200.2,257.9677659,872,866.796,867.581,862.48,870.078,886.527,904.593,923.895,-70.037,-7.44%,51.895,5.95%,3.581395349,52,6,3.379844961
122,5.3033E+11,109,1,Block Group 1,10900.1,673.895272,729,728.336,730.525,738.177,744.987,755.496,765.981,832.58,54.973,8.16%,103.58,14.21%,1.235905045,104,14.2,1.081602374
123,5.3033E+11,110.02,3,Block Group 3,11002.3,71.11841128,1134,1139.187,1140.078,1147.449,1154.582,1171.001,1176.994,1201.359,35.955,3.27%,67.359,5.94%,16.91549296,67,5.9,15.97183099
124,5.3033E+11,117,1,Block Group 1,11700.1,135.4829383,1510,1515.015,1516.467,1517.369,1515.422,1528.63,1581.968,1614.12,6.939,0.46%,104.12,6.90%,11.95555556,104,6.9,11.18518519
125,5.3033E+11,119,4,Block Group 4,11900.4,148.8147678,1489,1488.262,1489.826,1497.592,1512.035,1541.648,1563.305,1588.238,66.453,4.67%,99.238,6.67%,10.65771812,99,6.7,9.993288591
126,5.3033E+11,111.02,1,Block Group 1,11102.1,158.8577608,1212,1212.774,1216.223,1225.474,1234.43,1244.958,1262.568,1259.738,-8.049,-0.66%,47.738,3.94%,7.924528302,48,3.9,7.622641509
127,5.3033E+11,121,1,Block Group 1,12100.1,210.7145878,1157,1164.307,1170.574,1178.708,1167.009,1183.89,1209.972,1241.709,-80.049,-6.47%,84.709,7.32%,5.886255924,85,7.3,5.483412322
128,5.3033E+11,116,5,Block Group 5,11600.5,80.93206915,833,832.162,832.334,827.98,826.372,844.007,861.444,886.194,7.968,0.97%,53.194,6.39%,10.9382716,53,6.4,10.28395062
129,5.3033E+11,114.01,2,Block Group 2,11401.2,90.40770443,1231,1231.609,1246.361,1253.668,1269.95,1288.289,1307.989,1333.783,-3.05,-0.25%,102.783,8.35%,14.82222222,103,8.3,13.67777778
130,5.3033E+11,113,5,Block Group 5,11300.5,71.89209823,1112,1113.237,1114.042,1119.794,1130.968,1139.394,1155.151,1163.164,-36.046,-3.14%,51.164,4.60%,16.15277778,51,4.6,15.44444444
131,5.3033E+11,97.01,2,Block Group 2,9701.2,51.21357863,986,984.491,985.135,996.829,1008.68,1024.655,1056.326,1104.245,-49.041,-4.74%,118.245,11.99%,21.64705882,118,12,19.33333333
132,5.3033E+11,6,6,Block Group 6,600.6,82.02267754,1285,1291.378,1292.646,1295.565,1308.481,1328.165,1352.959,1389.641,88.952,7.44%,104.641,8.14%,16.95121951,105,8.1,15.67073171
133,5.3033E+11,2,5,Block Group 5,200.5,121.0485246,1324,1328.48,1329.189,1338.659,1347.988,1373.012,1428.782,1467.372,-48.066,-3.50%,143.372,10.83%,12.12396694,143,10.8,10.94214876
134,5.3033E+11,2,6,Block Group 6,200.6,126.3785876,1314,1314.556,1316.478,1328,1333.946,1345.753,1364.136,1286.789,20.381,1.58%,-27.211,-2.07%,10.21428571,-27,-2.1,10.42857143
135,5.3033E+11,19,2,Block Group 2,1900.2,102.4064004,1362,1372.025,1376.498,1377.585,1392.951,1416.961,1431.205,1477.941,201.952,17.41%,115.941,8.51%,14.49019608,116,8.5,13.35294118
136,5.3033E+11,18,2,Block Group 2,1800.2,60.31570534,1499,1497.579,1534.549,1554.967,1569.318,1599.853,1630.858,1702.855,218.946,17.10%,203.855,13.60%,28.38333333,204,13.6,24.98333333
137,5.3033E+11,19,1,Block Group 1,1900.1,189.2641889,1529,1529.128,1530.681,1541.3,1555.734,1584.064,1620.058,1591.271,462.957,43.43%,62.271,4.07%,8.417989418,62,4.1,8.08994709
138,5.3033E+11,13,3,Block Group 3,1300.3,107.0581592,1386,1399.744,1415.839,1424.902,1436.574,1465.07,1504.842,1541.957,71.947,5.48%,155.957,11.25%,14.41121495,156,11.3,12.95327103
139,5.3033E+11,13,1,Block Group 1,1300.1,124.9377162,1593,1593.045,1595.488,1608.354,1625.424,1666.044,1699.944,1721.677,20.938,1.33%,128.677,8.08%,13.776,129,8.1,12.744
140,5.3033E+11,13,2,Block Group 2,1300.2,60.57417757,1361,1361.475,1362.739,1512.669,1538.927,1564.774,1601.429,1640.836,63.947,4.93%,279.836,20.56%,26.90163934,280,20.6,22.31147541
141,5.3033E+11,17.02,2,Block Group 2,1702.2,80.28799776,1024,1026.775,1028.765,1046.919,1047.33,1064.543,1070.667,1105.385,3.959,0.39%,81.385,7.95%,13.8125,81,7.9,12.8
142,5.3033E+11,15,1,Block Group 1,1500.1,129.0752487,1205,1203.972,1207.049,1210.326,1218.367,1230.69,1257.088,1288.046,54.953,4.78%,83.046,6.89%,9.984496124,83,6.9,9.341085271
143,5.3033E+11,14,2,Block Group 2,1400.2,127.8271194,1071,1071.691,1074.998,1082.432,1160.535,1184.003,1208.601,1259.036,43.957,4.28%,188.036,17.56%,9.8359375,188,17.6,8.3671875
144,5.3033E+11,4.02,4,Block Group 4,402.4,99.94621924,1489,1487.329,1487.456,1494.137,1502.302,1520.773,1544.476,1589.351,232.95,18.55%,100.351,6.74%,15.89,100,6.7,14.89
145,5.3033E+11,4.02,1,Block Group 1,402.1,79.41027945,1221,1219.92,1222.134,1223.166,1229.641,1246.072,1263.557,1293.883,-24.05,-1.93%,72.883,5.97%,16.37974684,73,6,15.4556962
146,5.3033E+11,4.01,1,Block Group 1,401.1,156.0394805,2842,2841.139,2843.729,2863.128,3115.883,3197.719,3284.668,3384.291,931.914,48.79%,542.291,19.08%,21.69230769,542,19.1,18.21794872
147,5.3033E+11,42,5,Block Group 5,4200.5,91.30222591,1405,1394.938,1399.595,1404.291,1414.337,1427.476,1445.393,1481.56,-1.057,-0.08%,76.56,5.45%,16.28571429,77,5.4,15.43956044
148,5.3033E+11,22,3,Block Group 3,2200.3,147.6123765,1255,1242.31,1243.008,1389.375,1416.593,1435.98,1468.352,1499.39,3.017,0.24%,244.39,19.47%,10.12837838,244,19.5,8.47972973
149,5.3033E+11,22,1,Block Group 1,2200.1,152.2445905,1485,1485.458,1479.079,1488.753,1501.329,1523.416,1541.572,1575.263,-50.059,-3.26%,90.263,6.08%,10.36184211,90,6.1,9.769736842
150,5.3033E+11,41,4,Block Group 4,4100.4,119.1554503,1219,1218.091,1153.322,1156.124,1163.072,1176.929,1202.391,1209.272,-38.049,-3.03%,-9.728,-0.80%,10.15966387,-10,-0.8,10.24369748
151,5.3033E+11,42,1,Block Group 1,4200.1,161.7751979,1579,1579.322,1579.927,1580.976,1593.824,1612.769,1639.328,1680.397,88.941,5.97%,101.397,6.42%,10.37037037,101,6.4,9.74691358
152,5.3033E+11,50,1,Block Group 1,5000.1,91.61580264,1358,1367.986,1367.934,1377.372,1389.669,1405.572,1421.528,1453.405,34.948,2.64%,95.405,7.03%,15.79347826,95,7,14.76086957
153,5.3033E+11,45,1,Block Group 1,4500.1,64.19649535,1078,1077.259,1077.676,1089.886,1095.346,1106.284,1121.254,1208.358,154.964,16.79%,130.358,12.09%,18.875,130,12.1,16.84375
154,5.3033E+11,46,3,Block Group 3,4600.3,43.82463353,864,863.281,863.209,869.261,872.204,880.694,887.613,905.56,64.968,8.13%,41.56,4.81%,20.59090909,42,4.8,19.63636364
155,5.3033E+11,36,3,Block Group 3,3600.3,75.66589161,1293,1281.913,1289.842,1292.5,1291.88,1301.7,1320.684,1352.037,51.948,4.19%,59.037,4.57%,17.78947368,59,4.6,17.01315789
156,5.3033E+11,26,3,Block Group 3,2600.3,80.7673822,1333,1331.895,1332.551,1338.666,1338.202,1354.495,1376.882,1514.514,58.948,4.63%,181.514,13.62%,18.7037037,182,13.6,16.45679012
157,5.3033E+11,25,1,Block Group 1,2500.1,153.6997941,1404,1398.02,1400.15,1408.237,1411.895,1425.446,1447.204,1483.491,65.946,4.93%,79.491,5.66%,9.62987013,79,5.7,9.116883117
158,5.3033E+11,56,2,Block Group 2,5600.2,165.7319434,1277,1281.903,1275.442,1287.146,1286.107,1298.187,1323.132,1353.43,52.951,4.33%,76.43,5.99%,8.15060241,76,6,7.692771084
159,5.3033E+11,59,1,Block Group 1,5900.1,119.2113665,1645,1649.534,1660.565,1715.543,1732.228,1704.751,1744.534,1787.988,302.946,22.57%,142.988,8.69%,15.02521008,143,8.7,13.82352941
160,5.3033E+11,50,3,Block Group 3,5000.3,43.16535637,1279,1277.493,1277.995,1422.186,1449.037,1468.282,1627.749,1738.311,273.959,27.26%,459.311,35.91%,40.41860465,459,35.9,29.74418605
161,5.3033E+11,61,3,Block Group 3,6100.3,64.8890336,1324,1320.514,1342.267,1374.585,1390.33,1429.948,1497.331,1510.678,261.958,24.67%,186.678,14.10%,23.24615385,187,14.1,20.36923077
162,5.3033E+11,52,3,Block Group 3,5200.3,67.98003583,971,970.103,970.659,975.83,982.419,993.905,1009.435,1034.972,102.963,11.86%,63.972,6.59%,15.22058824,64,6.6,14.27941176
163,5.3033E+11,52,2,Block Group 2,5200.2,36.24984462,1214,1217.711,1218.57,1225.711,1232.155,1283.956,1422.745,1760.989,125.956,11.58%,546.989,45.06%,48.91666667,547,45.1,33.72222222
164,5.3033E+11,53.02,1,Block Group 1,5302.1,18.31891032,1770,1755.212,2116.134,2440.298,2227.78,2346.679,3513.158,3559.159,292.942,19.83%,1789.159,101.08%,197.7222222,1789,101.1,98.33333333
165,5.3033E+11,75,1,Block Group 1,7500.1,26.94041706,1136,1158.672,1168.963,1171.481,1180.67,1244.929,1276.266,1306.128,-25.047,-2.16%,170.128,14.98%,48.37037037,170,15,42.07407407
166,5.3033E+11,64,2,Block Group 2,6400.2,57.45990845,990,989.332,990.004,994.653,1002.361,1014.127,1027.831,1042.526,-35.042,-3.42%,52.526,5.31%,18.29824561,53,5.3,17.36842105
167,5.3033E+11,77,2,Block Group 2,7700.2,57.51575427,963,970.267,974.201,995.082,1007.018,1017.401,1044.206,1063.907,168.968,21.28%,100.907,10.48%,18.34482759,101,10.5,16.60344828
168,5.3033E+11,41,3,Block Group 3,4100.3,116.0555132,1461,1449.599,1450.703,1456.691,1462.73,1473.062,1487.935,1517.324,95.946,7.03%,56.324,3.86%,13.07758621,56,3.9,12.59482759
169,5.3033E+11,68,2,Block Group 2,6800.2,100.7127401,1543,1545.281,1545.982,1731.56,1771.049,1917.183,1971.57,2018.904,195.943,14.55%,475.904,30.84%,19.99009901,476,30.8,15.27722772
170,5.3033E+11,49,5,Block Group 5,4900.5,46.54773483,1387,1387.083,1400.106,1407.667,1503.968,1546.207,1571.894,1631.956,170.952,14.06%,244.956,17.66%,34.72340426,245,17.7,29.5106383
171,5.3033E+11,49,2,Block Group 2,4900.2,80.06586591,1022,1021.375,1022.588,1034.281,1037.292,1054.095,1061.577,1204.326,221.967,27.75%,182.326,17.84%,15.05,182,17.8,12.775
172,5.3033E+11,72,3,Block Group 3,7200.3,15.4524879,1492,1489.591,1771.007,1817.588,1833.21,2150.986,2176.839,2247.715,502.959,50.85%,755.715,50.65%,149.8666667,756,50.7,99.46666667
173,5.3033E+11,72,2,Block Group 2,7200.2,30.45969189,1186,1187.466,1187.932,1196.212,2107.882,2252.638,2321.685,2406.896,462.971,64.03%,1220.896,102.94%,80.23333333,1221,102.9,39.53333333
174,5.3033E+11,81,3,Block Group 3,8100.3,27.11512056,1285,1283.23,1283.94,1292.825,1304.008,1326.448,1361.459,1646.516,25.948,2.06%,361.516,28.13%,61,362,28.1,47.59259259
175,5.3033E+11,80.02,1,Block Group 1,8002.1,25.29568364,1758,1755.704,1756.177,1777.094,1786.327,1985.198,2214.788,2712.88,139.936,8.65%,954.88,54.32%,108.52,955,54.3,70.32
176,5.3033E+11,83,2,Block Group 2,8300.2,31.52965819,1572,1569.797,1570.285,1580.097,1745.241,1797.035,1842.976,1910.335,268.948,20.64%,338.335,21.52%,59.6875,338,21.5,49.125
177,5.3033E+11,74.02,3,Block Group 3,7402.3,15.41739893,1586,1583.553,1583.934,1594.439,1607.249,1632.146,1671.768,1740.252,-57.067,-3.47%,154.252,9.73%,116,154,9.7,105.7333333
178,5.3033E+11,78,4,Block Group 4,7800.4,124.8485111,1231,1235.819,1240.831,1251.574,1264.051,1283.773,1313.892,1348.452,-3.052,-0.25%,117.452,9.54%,10.784,117,9.5,9.848
179,5.3033E+11,100.01,1,Block Group 1,10001.1,243.8626171,873,872.336,872.692,863.418,870.136,955.175,982.329,1004.995,-14.037,-1.58%,131.995,15.12%,4.118852459,132,15.1,3.577868852
180,5.3033E+11,100.02,1,Block Group 1,10002.1,52.70214145,911,910.285,910.443,917.215,921.274,930.035,943.583,931.519,0.964,0.11%,20.519,2.25%,17.58490566,21,2.3,17.18867925
181,5.3033E+11,106,2,Block Group 2,10600.2,60.25318768,1041,1041.542,1041.92,1047.268,1057.434,1077.255,1092.34,1134.67,69.96,7.21%,93.67,9.00%,18.91666667,94,9,17.35
182,5.3033E+11,106,6,Block Group 6,10600.6,60.01670783,888,893.539,900.406,901.688,910.838,921.748,941.516,965.626,-18.037,-1.99%,77.626,8.74%,16.1,78,8.7,14.8
183,5.3033E+11,105,4,Block Group 4,10500.4,80.11675373,1534,1537.026,1520.13,1529.916,1543.782,1895.743,2923.605,3143.417,267.949,21.16%,1609.417,104.92%,39.2875,1609,104.9,19.175
184,5.3033E+11,97.02,4,Block Group 4,9702.4,93.58572674,973,975.872,978.149,993.406,996.885,1011.416,1027.386,1051.53,16.963,1.77%,78.53,8.07%,11.19148936,79,8.1,10.35106383
185,5.3033E+11,98,5,Block Group 5,9800.5,73.46739504,1199,1191.688,1194.898,1202.354,1209.636,1170.816,1252.286,1482.08,49.953,4.35%,283.08,23.61%,20.30136986,283,23.6,16.42465753
186,5.3033E+11,113,1,Block Group 1,11300.1,459.4296216,1640,1640.375,1649.094,1659.851,1678.792,1707.634,1753.153,1765.763,69.936,4.45%,125.763,7.67%,3.847494553,126,7.7,3.572984749
187,5.3033E+11,103,3,Block Group 3,10300.3,81.54848231,1259,1264.562,1265.773,1272.123,1281.138,1297.263,1309.358,1329.755,33.95,2.77%,70.755,5.62%,16.2195122,71,5.6,15.35365854
188,5.3033E+11,111.01,4,Block Group 4,11101.4,87.76837186,1280,1271.832,1272.458,1283.47,1286.271,1300.225,1316.525,1323.572,32.95,2.64%,43.572,3.40%,15.04545455,44,3.4,14.54545455
189,5.3033E+11,118,6,Block Group 6,11800.6,133.6417561,2239,2241.868,2360.774,2403.861,2425.222,2477.69,2534.626,2423.952,533.932,31.31%,184.952,8.26%,18.08955224,185,8.3,16.70895522
190,5.3033E+11,102,1,Block Group 1,10200.1,159.3896426,1420,1429.197,1431.542,1440.135,1450.304,1474.323,1498.603,1534.238,5.944,0.42%,114.238,8.05%,9.647798742,114,8,8.93081761
191,5.3033E+11,113,2,Block Group 2,11300.2,93.267455,1157,1156.297,1158.888,1164.361,1171.9,1184.402,1202.584,1221.107,98.957,9.35%,64.107,5.54%,13.12903226,64,5.5,12.44086022
192,5.3033E+11,113,3,Block Group 3,11300.3,68.40741815,1029,1028.27,1027.991,1032.683,1038.966,1046.54,1062.471,1083.251,-36.04,-3.38%,54.251,5.27%,15.92647059,54,5.3,15.13235294
193,5.3033E+11,113,4,Block Group 4,11300.4,97.67952158,1046,1045.154,1047.003,1050.651,1055.19,1065.165,1082.15,1080.905,-88.045,-7.76%,34.905,3.34%,11.03061224,35,3.3,10.67346939
194,5.3033E+11,99,4,Block Group 4,9900.4,991.9741239,1009,1010.141,1004.868,1028.335,1286.677,1339.808,1363.865,1436.259,237.968,30.86%,427.259,42.35%,1.447580645,427,42.3,1.017137097
195,5.3033E+11,98,2,Block Group 2,9800.2,77.4242935,1184,1183.087,1185.72,1194.093,1199.258,1215.906,1239.365,1269.432,86.956,7.93%,85.432,7.22%,16.48051948,85,7.2,15.37662338
196,5.3033E+11,96,1,Block Group 1,9600.1,99.81278234,748,747.899,748.454,757.125,760.256,771.471,784.262,809.335,-7.032,-0.93%,61.335,8.20%,8.09,61,8.2,7.48
197,5.3033E+11,96,5,Block Group 5,9600.5,143.9153357,1305,1305.656,1314.719,1319.119,1325.95,1348.4,1385.693,1422.74,68.952,5.58%,117.74,9.02%,9.881944444,118,9,9.0625
198,5.3033E+11,58.02,2,Block Group 2,5802.2,278.4388375,1522,1542.949,1552.419,1567.353,1892.905,2117.267,2278.034,2244.725,-84.066,-5.23%,722.725,47.49%,8.075539568,723,47.5,5.474820144
199,5.3033E+11,69,3,Block Group 3,6900.3,51.97070952,854,853.052,856.193,850.285,859.085,871.925,894.391,918.05,14.967,1.78%,64.05,7.50%,17.65384615,64,7.5,16.42307692
200,5.3033E+11,56,5,Block Group 5,5600.5,125.5537499,1363,1361.884,1370.502,1377.386,1383.671,1391.943,1415.008,1442.294,127.95,10.36%,79.294,5.82%,11.44444444,79,5.8,10.81746032
201,5.3033E+11,59,5,Block Group 5,5900.5,105.3168076,1156,1163.995,1164.886,1087.08,1087.799,1103.579,1121.686,1153.314,64.955,5.95%,-2.686,-0.23%,10.98095238,-3,-0.2,11.00952381
202,5.3033E+11,59,4,Block Group 4,5900.4,83.05162434,1433,1431.692,1431.927,1431.649,1446.882,1488.549,1519.221,1498.798,51.947,3.76%,65.798,4.59%,18.06024096,66,4.6,17.26506024
203,5.3033E+11,8,1,Block Group 1,800.1,120.4386685,1168,1163.196,1162.516,1164.299,1175.716,1179.942,1198.731,1228.108,-28.047,-2.35%,60.108,5.15%,10.23333333,60,5.1,9.733333333
204,5.3033E+11,2,1,Block Group 1,200.1,101.8044517,1086,1085.199,1085.908,1091.207,1099.771,1113.699,1133.26,1158.501,37.938,3.62%,72.501,6.68%,11.3627451,73,6.7,10.64705882
205,5.3033E+11,2,4,Block Group 4,200.4,93.22618841,1053,1051.915,1054.951,1059.892,1066.086,1090.896,1110.256,1042.625,-39.059,-3.58%,-10.375,-0.99%,11.21505376,-10,-1,11.32258065
206,5.3033E+11,27,3,Block Group 3,2700.3,77.95482875,1084,1078.646,1083.997,1092.317,1105.648,1123.489,1152.858,1182.593,36.957,3.53%,98.593,9.10%,15.16666667,99,9.1,13.8974359
207,5.3033E+11,21,3,Block Group 3,2100.3,109.3243627,1404,1406.501,1428.021,1434.889,1448.594,1482.143,1512.528,1550.319,64.945,4.85%,146.319,10.42%,14.22018349,146,10.4,12.88073394
208,5.3033E+11,17.01,2,Block Group 2,1701.2,75.33526461,1113,1111.87,1114.231,1122.388,1133.632,1150.626,1177.146,1212.235,-22.047,-1.94%,99.235,8.92%,16.16,99,8.9,14.84
209,5.3033E+11,17.02,4,Block Group 4,1702.4,78.41543319,884,877.727,878.062,882.91,886.085,891.332,905.296,923.56,-3.033,-0.34%,39.56,4.48%,11.84615385,40,4.5,11.33333333
210,5.3033E+11,14,4,Block Group 4,1400.4,224.7639907,1345,1345.986,1349.366,1355.398,1360.285,1378.312,1393.163,1423.235,51.948,4.02%,78.235,5.82%,6.324444444,78,5.8,5.977777778
211,5.3033E+11,28,3,Block Group 3,2800.3,47.35206284,985,988.161,990.494,993.152,1000.712,1015.632,1034.846,1065.545,58.962,6.37%,80.545,8.18%,22.68085106,81,8.2,20.95744681
212,5.3033E+11,31,2,Block Group 2,3100.2,76.70496974,1110,1113.874,1118.702,1127.322,1136.493,1145.367,1163.035,1173.437,40.957,3.83%,63.437,5.72%,15.23376623,63,5.7,14.41558442
213,5.3033E+11,28,1,Block Group 1,2800.1,64.90890016,1189,1194.878,1195.289,1194.105,1198.351,1217.141,1234.591,1252.868,84.954,7.70%,63.868,5.37%,19.27692308,64,5.4,18.29230769
214,5.3033E+11,10,2,Block Group 2,1000.2,144.1168003,1039,1038.28,1039.202,1049.383,1057.194,1072.811,1082.916,1105.331,112.963,12.20%,66.331,6.38%,7.673611111,66,6.4,7.215277778
215,5.3033E+11,39,1,Block Group 1,3900.1,140.6138344,1677,1675.601,1678.032,1689.983,1701.034,1721.931,1755.274,1800.369,70.937,4.42%,123.369,7.36%,12.76595745,123,7.4,11.89361702
216,5.3033E+11,43.02,2,Block Group 2,4302.2,45.24870184,1532,1544.404,1541.368,1567.356,1574.86,1607.627,1617.92,1754.825,18.94,1.25%,222.825,14.55%,39,223,14.5,34.04444444
217,5.3033E+11,46,2,Block Group 2,4600.2,75.36911805,1309,1309.837,1312.617,1319.183,1326.849,1346.612,1365.564,1377.657,117.951,9.90%,68.657,5.24%,18.37333333,69,5.2,17.45333333
218,5.3033E+11,27,4,Block Group 4,2700.4,103.2868369,1439,1441.069,1442.019,1458.064,1470.138,1488.971,1514.696,1530.009,240.952,20.11%,91.009,6.32%,14.85436893,91,6.3,13.97087379
219,5.3033E+11,57,3,Block Group 3,5700.3,106.6012614,909,908.225,911.459,911.873,918.977,932.249,946.544,930.124,57.966,6.81%,21.124,2.32%,8.691588785,21,2.3,8.495327103
220,5.3033E+11,57,4,Block Group 4,5700.4,99.83971682,1184,1183.092,1183.76,1184.141,1195.049,1218.739,1232.35,1250.996,79.957,7.24%,66.996,5.66%,12.51,67,5.7,11.84
221,5.3033E+11,58.01,2,Block Group 2,5801.2,52.28956346,1380,1378.474,1381.083,1389.73,1401.01,1423.62,1457.484,1500.701,15.945,1.17%,120.701,8.75%,28.86538462,121,8.7,26.53846154
222,5.3033E+11,48,3,Block Group 3,4800.3,118.1252762,1075,1090.793,1091.116,1113.449,1181.82,1203.735,1272.743,1303.618,-29.043,-2.63%,228.618,21.27%,11.05084746,229,21.3,9.110169492
223,5.3033E+11,57,1,Block Group 1,5700.1,717.5683553,483,484.747,480.831,480.823,484.866,493.856,505.132,520.239,-266.031,-35.52%,37.239,7.71%,0.724233983,37,7.7,0.67270195
224,5.3033E+11,58.01,3,Block Group 3,5801.3,83.58636039,1161,1161.845,1162.373,1168.745,1175.668,1198.738,1223.606,1263.14,17.953,1.57%,102.14,8.80%,15.03571429,102,8.8,13.82142857
225,5.3033E+11,32,3,Block Group 3,3200.3,85.26400834,1102,1100.674,1101.188,1100.623,1111.929,1533.871,1729.513,1909.54,224.965,25.65%,807.54,73.28%,22.47058824,808,73.3,12.96470588
226,5.3033E+11,32,4,Block Group 4,3200.4,64.74086851,1114,1112.573,1115.758,1128.267,1139.585,1182.315,1209.433,1262.19,-86.049,-7.17%,148.19,13.30%,19.41538462,148,13.3,17.13846154
227,5.3033E+11,47,1,Block Group 1,4700.1,67.35153686,1203,1196.306,1197.065,1203.612,1426.498,1480.019,1510.456,1513.298,34.952,2.99%,310.298,25.79%,22.58208955,310,25.8,17.95522388
228,5.3033E+11,74.01,1,Block Group 1,7401.1,14.53770377,1081,1075.326,1075.703,1082.733,1086.025,1207.14,1241.781,1272.936,-74.047,-6.41%,191.936,17.76%,84.86666667,192,17.8,72.06666667
229,5.3033E+11,53.02,2,Block Group 2,5302.2,97.12005276,1165,1173.65,746.756,752.038,1740.124,1798.579,1817.821,1820.794,138.958,13.54%,655.794,56.29%,18.77319588,656,56.3,12.01030928
230,5.3033E+11,76,3,Block Group 3,7600.3,46.3992245,1182,1180.656,1180.944,1186.956,1193.517,1213.777,1225.578,1347.382,87.957,8.04%,165.382,13.99%,29.2826087,165,14,25.69565217
231,5.3033E+11,41,5,Block Group 5,4100.5,91.00668787,1120,1108.648,1108.929,1114.707,1122.353,1131.867,1145.567,1167.881,79.957,7.69%,47.881,4.28%,12.83516484,48,4.3,12.30769231
232,5.3033E+11,80.01,1,Block Group 1,8001.1,24.06682858,1471,1590.717,1606.373,1294.406,1304.499,1803.602,1898.802,1941.259,451.959,44.35%,470.259,31.97%,80.875,470,32,61.29166667
233,5.3033E+11,80.01,2,Block Group 2,8001.2,17.12810948,830,830.747,831.063,837.13,1000.279,1105.835,1145.149,1168.213,-416.049,-33.39%,338.213,40.75%,68.70588235,338,40.7,48.82352941
234,5.3033E+11,73,2,Block Group 2,7300.2,62.19790703,1370,1481.906,1710.494,1889.017,1912.16,1946.789,2316.707,2863.731,207.953,17.90%,1493.731,109.03%,46.19354839,1494,109,22.09677419
235,5.3033E+11,91,2,Block Group 2,9100.2,27.20061902,1207,1205.309,1208.47,1226.747,1256.648,1274.873,1403.87,1454.867,68.954,6.06%,247.867,20.54%,53.88888889,248,20.5,44.7037037
236,5.3033E+11,84,1,Block Group 1,8400.1,36.38947972,1258,1256.047,1256.302,1415.792,1445.237,1480.036,2360.842,2626.491,109.954,9.58%,1368.491,108.78%,72.94444444,1368,108.8,34.94444444
237,5.3033E+11,86,2,Block Group 2,8600.2,64.99884652,2684,2777.362,2722.024,2950.921,3265.106,3117.045,3283.911,3676.863,548.913,25.71%,992.863,36.99%,56.56923077,993,37,41.29230769
238,5.3033E+11,87,3,Block Group 3,8700.3,55.60908915,1327,1330.649,1331.917,1350.518,1361.875,1410.049,1484.991,1547.851,89.951,7.27%,220.851,16.64%,27.64285714,221,16.6,23.69642857
239,5.3033E+11,88,1,Block Group 1,8800.1,81.61396524,1346,1344.899,1347.162,1353.106,1365.696,1382.926,1400.338,1485.591,76.949,6.06%,139.591,10.37%,18.12195122,140,10.4,16.41463415
240,5.3033E+11,77,3,Block Group 3,7700.3,59.95616701,1004,1014.741,1007.361,1012.868,1015.29,1035.757,1072.198,1107.162,118.965,13.44%,103.162,10.28%,18.45,103,10.3,16.73333333
241,5.3033E+11,89,1,Block Group 1,8900.1,108.8721658,1162,1163.796,1164.286,1176.736,1186.659,1201.488,1228.6,1266.315,23.952,2.11%,104.315,8.98%,11.6146789,104,9,10.66055046
242,5.3033E+11,101,5,Block Group 5,10100.5,152.0703812,2119,2140.951,2152.543,2170.509,2190.046,2332.151,2410.622,2483.682,561.939,36.09%,364.682,17.21%,16.34210526,365,17.2,13.94078947
243,5.3033E+11,100.02,4,Block Group 4,10002.4,59.86696197,1192,1192.752,1195.309,1204.408,1215.453,1233.932,1243.287,1269.384,-133.054,-10.04%,77.384,6.49%,21.15,77,6.5,19.86666667
244,5.3033E+11,107.01,1,Block Group 1,10701.1,234.2571367,2156,2146.421,2148.797,2172.433,2319.523,2409.379,2457.478,2517.914,149.921,7.47%,361.914,16.79%,10.76068376,362,16.8,9.213675214
245,5.3033E+11,105,3,Block Group 3,10500.3,93.41843639,1138,1128.056,1120.239,1125.861,1130.79,1141.885,1156.595,1187.693,103.962,10.05%,49.693,4.37%,12.77419355,50,4.4,12.23655914
246,5.3033E+11,97.02,3,Block Group 3,9702.3,81.07799367,842,842.895,846.732,850.822,854.133,866.462,880.004,894.93,36.968,4.59%,52.93,6.29%,11.04938272,53,6.3,10.39506173
247,5.3033E+11,97.02,2,Block Group 2,9702.2,90.69731194,957,957.854,958.263,964.775,970.236,984.868,998.243,1020.057,41.964,4.59%,63.057,6.59%,11.20879121,63,6.6,10.51648352
248,5.3033E+11,110.01,3,Block Group 3,11001.3,118.6931161,2272,2281.849,2287.773,2297.136,2308.732,2330.708,2366.708,2474.673,957.949,72.90%,202.673,8.92%,20.79831933,203,8.9,19.09243697
249,5.3033E+11,111.01,1,Block Group 1,11101.1,40.50724379,887,876.319,881.593,886.684,893.517,905.929,922.209,938.212,-211.045,-19.22%,51.212,5.77%,22.87804878,51,5.8,21.63414634
250,5.3033E+11,111.02,4,Block Group 4,11102.4,62.09684093,1032,1031.402,1032.442,1039.795,1129.993,1151.977,1182.153,1141.564,127.965,14.16%,109.564,10.62%,18.41935484,110,10.6,16.64516129
251,5.3033E+11,118,1,Block Group 1,11800.1,93.21782096,801,802.327,802.857,802.8,808.819,821.196,838.978,828.361,-299.043,-27.19%,27.361,3.42%,8.903225806,27,3.4,8.612903226
252,5.3033E+11,119,3,Block Group 3,11900.3,110.7770952,1236,1235.308,1242.011,1248.241,1256.951,1272.196,1294.22,1317.578,-5.364,-0.43%,81.578,6.60%,11.87387387,82,6.6,11.13513514
253,5.3033E+11,116,4,Block Group 4,11600.4,143.2771362,1009,1012.325,1016.286,1026.248,1036.621,1047.777,1072.295,1064.399,58.963,6.21%,55.399,5.49%,7.440559441,55,5.5,7.055944056
254,5.3033E+11,114.02,3,Block Group 3,11402.3,106.7515014,1575,1573.649,1574.692,1583.144,1594.355,1615.144,1647.803,1676.908,236.946,17.71%,101.908,6.47%,15.6728972,102,6.5,14.71962617
255,5.3033E+11,116,2,Block Group 2,11600.2,78.73148097,938,938.75,938.842,944.738,946.134,959.953,970.964,996.047,18.964,2.06%,58.047,6.19%,12.60759494,58,6.2,11.87341772
256,5.3033E+11,71,1,Block Group 1,7100.1,76.7168308,1049,1047.59,1362.68,1544.825,1573.236,1876.839,1989.194,1957.839,158.963,17.86%,908.839,86.64%,25.42857143,909,86.6,13.62337662
257,5.3033E+11,58.02,3,Block Group 3,5802.3,394.4480129,2046,2048.339,2051.887,2092.313,2113.04,2162.087,2195.263,2242.381,284.93,16.18%,196.381,9.60%,5.69035533,196,9.6,5.192893401
258,5.3033E+11,70,2,Block Group 2,7000.2,16.55556632,1142,1153.265,1153.555,1161.193,1170.697,1191.714,1224.335,1264.766,-13.046,-1.13%,122.766,10.75%,74.41176471,123,10.8,67.17647059
259,5.3033E+11,7,1,Block Group 1,700.1,51.16292203,1562,1560.465,1572.363,1819.52,1870.296,1935.733,1988.014,2251.885,95.943,6.54%,689.885,44.17%,44.15686275,690,44.2,30.62745098
260,5.3033E+11,3,2,Block Group 2,300.2,104.3110887,1345,1345.933,1346.786,1359.158,1368.597,1383.879,1404.315,1437.68,54.92,4.26%,92.68,6.89%,13.82692308,93,6.9,12.93269231
261,5.3033E+11,1,4,Block Group 4,100.4,31.23930937,1492,1484.31,1488.353,1500.044,1512.764,1979.954,2076.437,2135.717,124.94,9.14%,643.717,43.15%,68.90322581,644,43.1,48.12903226
262,5.3033E+11,31,5,Block Group 5,3100.5,210.3369627,1283,1281.863,1282.005,1291.926,1287.607,1298.262,1316.432,1351.038,108.952,9.28%,68.038,5.30%,6.433333333,68,5.3,6.10952381
263,5.3033E+11,33,2,Block Group 2,3300.2,55.46255566,1109,1111.302,1114.971,1132.35,1143.028,1161.212,1181.411,1212.98,66.956,6.43%,103.98,9.38%,22.05454545,104,9.4,20.16363636
264,5.3033E+11,32,7,Block Group 7,3200.7,78.60397459,1115,1114.02,1119.53,1124.839,1123.745,1139.476,1150.377,1173.31,69.958,6.69%,58.31,5.23%,14.84810127,58,5.2,14.11392405
265,5.3033E+11,33,5,Block Group 5,3300.5,68.9930579,1065,1064.081,1064.363,1068.749,1198.368,1228.88,1242.291,1275.551,29.959,2.89%,210.551,19.77%,18.49275362,211,19.8,15.43478261
266,5.3033E+11,31,4,Block Group 4,3100.4,95.07947876,1393,1391.903,1395.125,1395.098,1401.127,1425.122,1443.271,1469.696,3.946,0.28%,76.696,5.51%,15.47368421,77,5.5,14.66315789
267,5.3033E+11,31,1,Block Group 1,3100.1,75.56655525,1149,1148.01,1149.767,1153.809,1158.519,1171.269,1181.317,1206.595,3.957,0.35%,57.595,5.01%,15.88157895,58,5,15.11842105
268,5.3033E+11,28,4,Block Group 4,2800.4,80.95864177,1411,1411.358,1414.364,1422.559,1431.397,1448.486,1465.823,1492.798,119.948,9.29%,81.798,5.80%,18.43209877,82,5.8,17.41975309
269,5.3033E+11,30,2,Block Group 2,3000.2,90.66197587,1332,1330.859,1331.19,1336.579,1413.556,1475.413,1496.453,1529.174,157.952,13.45%,197.174,14.80%,16.8021978,197,14.8,14.63736264
270,5.3033E+11,24,1,Block Group 1,2400.1,102.2356506,959,958.206,958.215,961.063,964.729,978.295,984.505,1006.109,66.961,7.51%,47.109,4.91%,9.862745098,47,4.9,9.401960784
271,5.3033E+11,24,2,Block Group 2,2400.2,44.01515178,811,810.236,813.233,816.783,821.144,822.791,842.113,868.194,-60.035,-6.89%,57.194,7.05%,19.72727273,57,7.1,18.43181818
272,5.3033E+11,39,2,Block Group 2,3900.2,100.0191153,1095,1094.089,1093.923,1096.862,1100.225,1108.881,1115.459,1140.622,30.957,2.91%,45.622,4.17%,11.41,46,4.2,10.95
273,5.3033E+11,43.02,1,Block Group 1,4302.1,36.47250713,1986,2104.693,2163.248,2178.359,2197.334,2312.243,2290.545,2314.12,369.936,22.89%,328.12,16.52%,64.27777778,328,16.5,55.16666667
274,5.3033E+11,36,1,Block Group 1,3600.1,96.47364732,1268,1256.458,1266.565,1274.456,1423.934,1394.931,1844.938,1950.989,150.958,13.51%,682.989,53.86%,20.32291667,683,53.9,13.20833333
275,5.3033E+11,36,2,Block Group 2,3600.2,56.75887049,1282,1280.403,1281.823,1284.891,1303.009,1736.639,1821.117,2078.773,186.956,17.07%,796.773,62.15%,36.47368421,797,62.2,22.49122807
276,5.3033E+11,26,2,Block Group 2,2600.2,93.24373289,1294,1297.133,1300.42,1308.307,1311.969,1322.011,1334.01,1364.065,-24.053,-1.83%,70.065,5.42%,14.66666667,70,5.4,13.91397849
277,5.3033E+11,59,3,Block Group 3,5900.3,51.40286136,1271,1286.458,1288.524,1353.281,1345.209,1424.682,1437.755,1397.101,-465.07,-26.79%,126.101,9.92%,27.39215686,126,9.9,24.92156863
278,5.3033E+11,48,4,Block Group 4,4800.4,70.86488116,1173,1173.986,1175.554,1181.448,1189.056,1204.96,1220.239,1253.975,130.956,12.57%,80.975,6.90%,17.66197183,81,6.9,16.52112676
279,5.3033E+11,32,2,Block Group 2,3200.2,47.97328577,1146,1146.387,1146.603,1210.604,1229.877,1246.98,1304.827,1389.641,33.956,3.05%,243.641,21.26%,28.95833333,244,21.3,23.875
280,5.3033E+11,32,5,Block Group 5,3200.5,47.51465819,720,719.407,719.795,723.29,728.128,738.741,743.711,764.059,-14.029,-1.91%,44.059,6.12%,15.91666667,44,6.1,15
281,5.3033E+11,50,2,Block Group 2,5000.2,52.37151445,963,961.961,961.862,965.497,1002.973,1026.404,1039.501,1061.392,38.962,4.22%,98.392,10.22%,20.40384615,98,10.2,18.51923077
282,5.3033E+11,74.01,3,Block Group 3,7401.3,15.18660251,981,979.61,980.031,988.422,1018.81,1036.338,1063.537,1098.69,-27.04,-2.68%,117.69,12.00%,73.26666667,118,12,65.4
283,5.3033E+11,52,4,Block Group 4,5200.4,74.77754777,1415,1417.594,1418.48,1425.317,1434.35,1452.735,1476.605,1506.875,261.956,22.72%,91.875,6.49%,20.09333333,92,6.5,18.86666667
284,5.3033E+11,65,2,Block Group 2,6500.2,47.08988404,1490,1488.172,1489.141,1502.806,1511.615,1639.911,1698.862,1769.558,13.941,0.94%,279.558,18.76%,37.65957447,280,18.8,31.70212766
285,5.3033E+11,62,2,Block Group 2,6200.2,138.9535522,1475,1473.926,1477.395,1485.919,1501.047,1521.801,1544.74,1575.287,5.938,0.40%,100.287,6.80%,11.33093525,100,6.8,10.61151079
286,5.3033E+11,76,2,Block Group 2,7600.2,52.750327,1179,1190.424,1194.883,1227.259,1370.941,1427.123,1461.997,1484.16,73.955,6.69%,305.16,25.88%,28,305,25.9,22.24528302
287,5.3033E+11,63,1,Block Group 1,6300.1,54.60385569,1280,1279.107,1282.663,1286.656,1301.189,1327.675,1367.314,1424.988,38.949,3.14%,144.988,11.33%,25.90909091,145,11.3,23.27272727
288,5.3033E+11,49,3,Block Group 3,4900.3,41.23175677,1238,1242.99,1248.362,1258.476,1263.642,1302.236,1344.434,1427.077,56.954,4.82%,189.077,15.27%,34.80487805,189,15.3,30.19512195
289,5.3033E+11,67,4,Block Group 4,6700.4,100.0435788,1708,1705.916,1707.956,1719.058,1728.657,1762.881,1796.464,1843.468,102.934,6.41%,135.468,7.93%,18.43,135,7.9,17.08
290,5.3033E+11,85,3,Block Group 3,8500.3,35.53301247,2221,2219.775,2220.025,2196.497,2201.105,2209.053,2223.864,2244.859,-1500.15,-40.31%,23.859,1.07%,62.36111111,24,1.1,61.69444444
291,5.3033E+11,74.02,1,Block Group 1,7402.1,27.91623621,1772,1769.566,1770.217,1783.294,1798.924,1976.798,2098.925,2123.404,467.947,35.88%,351.404,19.83%,75.82142857,351,19.8,63.28571429
292,5.3033E+11,74.02,2,Block Group 2,7402.2,18.26528845,1563,1560.964,1561.538,1570.997,1582.944,1606.305,1677.726,1764.234,-108.069,-6.47%,201.234,12.88%,98,201,12.9,86.83333333
293,5.3033E+11,75,5,Block Group 5,7500.5,44.43943172,858,1027.997,1063.776,1441.072,1490.085,1554.319,1623.908,1683.359,-74.037,-7.94%,825.359,96.20%,38.25,825,96.2,19.5
294,5.3033E+11,90,1,Block Group 1,9000.1,72.32379133,1214,1212.784,1217.418,1325.466,1347.735,1380.861,1409.86,1557.712,430.971,55.04%,343.712,28.31%,21.63888889,344,28.3,16.86111111
295,5.3033E+11,77,4,Block Group 4,7700.4,46.33077631,1338,1351.141,1362.249,1385.888,1409.54,1459.261,1505.939,1637.783,211.956,18.82%,299.783,22.41%,35.60869565,300,22.4,29.08695652
296,5.3033E+11,78,3,Block Group 3,7800.3,77.16878654,1152,1151.024,1145.018,1149.379,1166.842,1180.306,1208.738,1242.623,91.958,8.67%,90.623,7.87%,16.14285714,91,7.9,14.96103896
297,5.3033E+11,94,5,Block Group 5,9400.5,89.82824231,1452,1457.466,1462.228,1488.557,1503.201,1524.575,1574.999,1626.54,80.945,5.90%,174.54,12.02%,18.07777778,175,12,16.13333333
298,5.3033E+11,94,1,Block Group 1,9400.1,29.03587069,1133,1161.729,1170.5,1167.346,1181.075,1204.826,1233.456,1288.507,46.956,4.32%,155.507,13.73%,44.44827586,156,13.7,39.06896552
299,5.3033E+11,89,4,Block Group 4,8900.4,57.47226372,1205,1221.477,1225.721,1246.218,1301.266,1339.685,1388.616,1461.708,126.956,11.78%,256.708,21.30%,25.64912281,257,21.3,21.14035088
300,5.3033E+11,107.02,3,Block Group 3,10702.3,67.71255782,1094,1111.875,1122.192,1132.202,1132.5,1174.685,1201.759,1243.599,184.963,20.35%,149.599,13.67%,18.29411765,150,13.7,16.08823529
301,5.3033E+11,98,4,Block Group 4,9800.4,100.320831,1301,1303.863,1312.874,1315.113,1329.944,1342.722,1376.843,1527.971,139.954,12.05%,226.971,17.45%,15.28,227,17.4,13.01
302,5.3033E+11,104.01,3,Block Group 3,10401.3,129.7866651,1471,1482.771,1487.192,1497.311,1510.468,1531.496,1561.574,1579.768,-15.31,-1.03%,108.768,7.39%,12.15384615,109,7.4,11.31538462
303,5.3033E+11,110.02,2,Block Group 2,11002.2,96.06617055,2322,2320.779,2321.232,2331.373,2339.21,2354.845,2375.794,2408.321,604.462,35.19%,86.321,3.72%,25.08333333,86,3.7,24.1875
304,5.3033E+11,103,4,Block Group 4,10300.4,85.43124916,1140,1145.69,1148.423,1161.933,1178.865,1213.58,1638.848,1739.469,-80.05,-6.56%,599.469,52.59%,20.45882353,599,52.6,13.41176471
305,5.3033E+11,110.01,1,Block Group 1,11001.1,68.58681666,1158,1176.146,1193.557,1212.725,1220.513,1225.579,1233.393,1249.691,785.742,211.08%,91.691,7.92%,18.11594203,92,7.9,16.7826087
306,5.3033E+11,111.01,2,Block Group 2,11101.2,97.22212952,1103,1592.545,2190.224,2247.423,2261.963,2291.499,2335.807,3015.697,-73.048,-6.21%,1912.697,173.41%,31.09278351,1913,173.4,11.37113402
307,5.3033E+11,102,3,Block Group 3,10200.3,76.1156234,1224,1227.451,1228.616,1234.992,1243.925,1265.191,1290.962,1315.784,-85.051,-6.50%,91.784,7.50%,17.31578947,92,7.5,16.10526316
308,5.3033E+11,114.02,2,Block Group 2,11402.2,79.30402414,1504,1532.287,1533.772,1544.251,1550.621,1578.309,1602.76,1634.608,24.941,1.69%,130.608,8.68%,20.69620253,131,8.7,19.03797468
309,5.3033E+11,114.02,1,Block Group 1,11402.1,107.0571708,1095,1094.199,1095.27,1101.745,1106.267,1112.6,1134.55,1214.031,6.954,0.64%,119.031,10.87%,11.34579439,119,10.9,10.23364486
310,5.3033E+11,106,4,Block Group 4,10600.4,86.61933183,919,920.177,920.438,924.675,929.447,936.532,948.523,958.685,25.964,2.91%,39.685,4.32%,11.02298851,40,4.3,10.56321839
311,5.3033E+11,69,2,Block Group 2,6900.2,63.02966374,1021,1020.011,1025.974,1035.652,1045.076,1058.297,1075.022,1100.544,29.959,3.02%,79.544,7.79%,17.47619048,80,7.8,16.20634921
312,5.3033E+11,7,4,Block Group 4,700.4,80.17976561,876,877.251,877.144,879.942,878.639,891.335,904.036,927.045,4.963,0.57%,51.045,5.83%,11.5875,51,5.8,10.95
313,5.3033E+11,1,1,Block Group 1,100.1,205.8725449,1250,1243.198,1245.579,1253.798,1257.964,1278.054,1302.797,1339.064,-38.074,-2.96%,89.064,7.12%,6.5,89,7.1,6.067961165
314,5.3033E+11,2,2,Block Group 2,200.2,125.4808538,1360,1359.007,1360.217,1367.831,1378.21,1400.134,1422.184,1435.408,336.486,32.88%,75.408,5.55%,11.48,75,5.5,10.88
315,5.3033E+11,20,3,Block Group 3,2000.3,66.08017967,912,906.778,907.22,911.501,917.098,929.084,945.069,969.114,90.968,11.08%,57.114,6.26%,14.68181818,57,6.3,13.81818182
316,5.3033E+11,21,2,Block Group 2,2100.2,87.79555345,897,896.183,896.504,900.617,904.408,914.426,932.467,957.79,68.967,8.33%,60.79,6.78%,10.88636364,61,6.8,10.19318182
317,5.3033E+11,20,2,Block Group 2,2000.2,76.0696618,980,979.153,979.676,989.868,1003.142,1013.19,1023.892,1051.163,76.965,8.52%,71.163,7.26%,13.82894737,71,7.3,12.89473684
318,5.3033E+11,12,4,Block Group 4,1200.4,120.6081828,1217,1215.804,1216.735,1225.993,1235.695,1254.919,1282.088,1118.265,88.954,7.89%,-98.735,-8.11%,9.239669421,-99,-8.1,10.05785124
319,5.3033E+11,12,5,Block Group 5,1200.5,88.84550421,1517,1522.509,1528.812,1538.532,1565.96,1616.802,1654.738,1684.993,85.941,6.01%,167.993,11.07%,18.93258427,168,11.1,17.04494382
320,5.3033E+11,16,2,Block Group 2,1600.2,163.4671285,1342,1342.995,1343.616,1353.248,1360.042,1375.219,1390.687,1416.089,81.95,6.50%,74.089,5.52%,8.687116564,74,5.5,8.233128834
321,5.3033E+11,17.01,3,Block Group 3,1701.3,65.26819139,1100,1104.343,1104.832,1138.661,1151.755,1172.644,1192.044,1222.731,57.959,5.56%,122.731,11.16%,18.81538462,123,11.2,16.92307692
322,5.3033E+11,16,1,Block Group 1,1600.1,220.8580687,1375,1377.642,1380.185,1392.444,1404.27,1417.387,1438.595,1467.533,27.944,2.07%,92.533,6.73%,6.642533937,93,6.7,6.221719457
323,5.3033E+11,5,3,Block Group 3,500.3,160.7820814,1052,1051.213,1051.989,1057.447,1064.859,1080.584,1105.168,1130.787,11.959,1.15%,78.787,7.49%,7.02484472,79,7.5,6.534161491
324,5.3033E+11,4.02,3,Block Group 3,402.3,79.74510724,1194,1196.099,1196.509,1206.008,1212.926,1228.998,1251.904,1283.597,50.953,4.46%,89.597,7.50%,16.05,90,7.5,14.925
325,5.3033E+11,4.01,3,Block Group 3,401.3,67.94755504,1267,1265.191,1265.678,1274.069,1286.677,1309.395,1344.711,1396.072,-133.057,-9.50%,129.072,10.19%,20.52941176,129,10.2,18.63235294
326,5.3033E+11,4.01,2,Block Group 2,401.2,100.560029,1442,1446.676,1447.566,1453.808,1465.108,1482.734,1550.595,1595.051,17.934,1.26%,153.051,10.61%,15.79207921,153,10.6,14.27722772
327,5.3033E+11,33,4,Block Group 4,3300.4,52.19829358,1178,1180.436,1184.31,1192.853,1215,1247.325,1393.293,1489.35,42.953,3.78%,311.35,26.43%,28.63461538,311,26.4,22.65384615
328,5.3033E+11,35,1,Block Group 1,3500.1,86.09818659,1402,1402.334,1402.965,1409.865,1423.589,1439.696,1463.062,1544.462,101.948,7.84%,142.462,10.16%,17.95348837,142,10.2,16.30232558
329,5.3033E+11,32,1,Block Group 1,3200.1,47.22307384,919,920.215,923.502,933.542,943.957,952.805,980.839,1019.275,29.963,3.37%,100.275,10.91%,21.68085106,100,10.9,19.55319149
330,5.3033E+11,10,1,Block Group 1,1000.1,91.73466033,902,901.27,905.984,909.445,913.845,926.625,941.632,962.49,122.969,15.79%,60.49,6.71%,10.45652174,60,6.7,9.804347826
331,5.3033E+11,42,4,Block Group 4,4200.4,93.05963938,1485,1483.815,1484.172,1492.056,1490.5,1495.326,1520.987,1561.885,76.943,5.46%,76.885,5.18%,16.79569892,77,5.2,15.96774194
332,5.3033E+11,42,2,Block Group 2,4200.2,126.7591299,1632,1632.844,1633.712,1643.535,1647.745,1667.314,1681.525,1699.676,93.939,6.11%,67.676,4.15%,13.38582677,68,4.1,12.8503937
333,5.3033E+11,41,1,Block Group 1,4100.1,89.82231178,1442,1440.751,1441.666,1453.366,1463.608,1484.845,1503.649,1543.664,155.95,12.13%,101.664,7.05%,17.15555556,102,7.1,16.02222222
334,5.3033E+11,44,1,Block Group 1,4400.1,80.90131332,1253,1252.021,1254.036,1258.719,1268.841,1254.32,1279.869,1296.841,45.951,3.81%,43.841,3.50%,16.01234568,44,3.5,15.4691358
335,5.3033E+11,57,2,Block Group 2,5700.2,96.38592491,1163,1162.069,1162.435,1160.498,1168.802,1178.962,1192.145,1214.997,124.96,12.04%,51.997,4.47%,12.65625,52,4.5,12.11458333
336,5.3033E+11,56,1,Block Group 1,5600.1,117.4615429,1248,1246.968,1257.619,1270.454,1291.97,1325.8,1375.191,1415.43,-27.053,-2.12%,167.43,13.42%,12.09401709,167,13.4,10.66666667
337,5.3033E+11,51,3,Block Group 3,5100.3,59.87808171,1121,1113.806,1117.063,1123.986,1134.108,1151.213,1168.979,1194.418,44.958,4.18%,73.418,6.55%,19.9,73,6.5,18.68333333
338,5.3033E+11,74.01,4,Block Group 4,7401.4,16.49650813,1136,1140.92,1144.138,1162.642,1221.346,1309.388,1389.211,1421.214,14.956,1.33%,285.214,25.11%,88.8125,285,25.1,71
339,5.3033E+11,65,3,Block Group 3,6500.3,67.65621779,1555,1548.504,1549.174,1557.708,1568.395,1591.911,1676.398,1726.421,121.944,8.51%,171.421,11.02%,25.38235294,171,11,22.86764706
340,5.3033E+11,53.01,4,Block Group 4,5301.4,17.61886077,913,911.857,1253.312,1249.779,1263.687,1536.275,1600.496,1631.668,-67.04,-6.84%,718.668,78.72%,90.66666667,719,78.7,50.72222222
341,5.3033E+11,41,6,Block Group 6,4100.6,107.9070423,881,882.505,883.14,887.342,895.008,911.509,924.693,943.896,-54.037,-5.78%,62.896,7.14%,8.740740741,63,7.1,8.157407407
342,5.3033E+11,41,2,Block Group 2,4100.2,263.906653,1666,1657.586,1659.889,1672.634,1692.267,1719.589,1744.836,1785.979,43.934,2.71%,119.979,7.20%,6.765151515,120,7.2,6.310606061
343,5.3033E+11,70,3,Block Group 3,7000.3,45.97074377,1559,1554.226,1561.806,1567.349,1581.852,1601.889,1652.207,1724.84,61.94,4.14%,165.84,10.64%,37.5,166,10.6,33.89130435
344,5.3033E+11,72,1,Block Group 1,7200.1,203.7299851,2640,2673.655,2692.447,2600.517,3712.225,5213.744,5885.005,6644.021,1268.947,92.55%,4004.021,151.67%,32.56862745,4004,151.7,12.94117647
345,5.3033E+11,82,1,Block Group 1,8200.1,61.61869202,883,881.852,882.915,890.031,900.244,1557.867,1677.034,1728.093,236.974,36.68%,845.093,95.71%,27.87096774,845,95.7,14.24193548
346,5.3033E+11,82,2,Block Group 2,8200.2,15.07565219,1389,1387.103,1387.614,1396.392,1410.344,1434.08,1470.988,1524.523,351.957,33.94%,135.523,9.76%,101.6666667,136,9.8,92.6
347,5.3033E+11,84,3,Block Group 3,8400.3,21.34965781,1080,1078.457,1019.551,1062.7,1074.682,1256.365,1559.308,1644.723,-262.054,-19.53%,564.723,52.29%,78.33333333,565,52.3,51.42857143
348,5.3033E+11,91,1,Block Group 1,9100.1,76.29601033,1301,1299.666,1285.429,1290.398,1296.352,1358.762,1386.945,1560.965,355.961,37.67%,259.965,19.98%,20.53947368,260,20,17.11842105
349,5.3033E+11,86,3,Block Group 3,8600.3,46.8541455,1164,1162.855,1166.409,1170.983,1176.546,967.747,1188.551,1251.727,58.955,5.34%,87.727,7.54%,26.63829787,88,7.5,24.76595745
350,5.3033E+11,75,2,Block Group 2,7500.2,34.05828756,1295,1293.312,1293.822,1304.994,1400.781,1642.376,1703.46,1950.375,223.958,20.91%,655.375,50.61%,57.35294118,655,50.6,38.08823529
351,5.3033E+11,95,3,Block Group 3,9500.3,154.6535718,1387,1387.907,1388.027,1397.069,1402.416,1410.851,1431.704,1460.613,24.945,1.83%,73.613,5.31%,9.425806452,74,5.3,8.948387097
352,5.3033E+11,95,4,Block Group 4,9500.4,113.6247376,1427,1527.504,1543.582,1551.036,1570.044,1601.557,1681.246,1727.806,70.943,5.23%,300.806,21.08%,15.15789474,301,21.1,12.51754386
353,5.3033E+11,93,1,Block Group 1,9300.1,186.5853195,816,815.177,815.646,820.188,824.195,835.868,858.113,878.67,-144.04,-15.00%,62.67,7.68%,4.700534759,63,7.7,4.363636364
354,5.3033E+11,94,2,Block Group 2,9400.2,157.0110062,1189,1191.152,1191.708,1207.035,1347.388,1407.033,1459.353,1543.474,325.967,37.77%,354.474,29.81%,9.828025478,354,29.8,7.573248408
355,5.3033E+11,107.02,1,Block Group 1,10702.1,74.81041278,1164,1173.47,1173.982,1183.128,1193.087,1204.261,1223.89,1245.411,179.96,18.29%,81.411,6.99%,16.6,81,7,15.52
356,5.3033E+11,105,5,Block Group 5,10500.5,86.92821356,1393,1391.466,1392.075,1394.425,1415.939,1419.795,1524.489,1568.977,340.959,32.41%,175.977,12.63%,18.03448276,176,12.6,16.01149425
357,5.3033E+11,97.01,3,Block Group 3,9701.3,82.0093619,1116,1110.258,1118.96,1123.647,1125.487,1137.939,1173.557,1220.241,-42.047,-3.63%,104.241,9.34%,14.87804878,104,9.3,13.6097561
358,5.3033E+11,98,3,Block Group 3,9800.3,102.7582785,1268,1271.054,1271.404,1276.684,1283.381,1294.285,1313.171,1346.475,47.952,3.93%,78.475,6.19%,13.06796117,78,6.2,12.31067961
359,5.3033E+11,110.02,1,Block Group 1,11002.1,246.9899828,1023,1022.524,1023.5,1022.806,1036.586,1050.657,1068.152,1086.397,83.962,8.94%,63.397,6.20%,4.396761134,63,6.2,4.141700405
360,5.3033E+11,104.02,2,Block Group 2,10402.2,114.2899453,1294,1311.13,1314.874,1320.894,1330.452,1345.48,1363.193,1388.355,-27.053,-2.05%,94.355,7.29%,12.1754386,94,7.3,11.35087719
361,5.3033E+11,104.01,1,Block Group 1,10401.1,113.2859561,1179,1180.283,1180.714,1186.884,1199.484,1212.952,1228.691,1247.877,-107.05,-8.32%,68.877,5.84%,11.04424779,69,5.8,10.43362832
362,5.3033E+11,117,3,Block Group 3,11700.3,125.0088825,1372,1374.935,1377.622,1385.911,1396.171,1409.399,1426.79,1449.543,50.946,3.86%,77.543,5.65%,11.6,78,5.7,10.976
363,5.3033E+11,111.01,3,Block Group 3,11101.3,58.76338934,1120,1119.49,1120.781,1128.607,1136.753,1151.188,1175.525,1192.697,80.958,7.79%,72.697,6.49%,20.22033898,73,6.5,18.98305085
364,5.3033E+11,118,5,Block Group 5,11800.5,73.82421521,1243,1242.438,1233.54,1244.207,1256.999,1272.909,1296.264,1315.219,-13.05,-1.04%,72.219,5.81%,17.77027027,72,5.8,16.7972973
365,5.3033E+11,111.02,3,Block Group 3,11102.3,29.22589473,896,897.571,906.843,911.679,924.863,938.299,955.221,971.526,-161.042,-15.24%,75.526,8.43%,33.51724138,76,8.4,30.89655172
366,5.3033E+11,119,2,Block Group 2,11900.2,167.7541597,1470,1470.506,1470.998,1476.83,1484.367,1500.521,1516.394,1546.572,-245.07,-14.29%,76.572,5.21%,9.208333333,77,5.2,8.75
367,5.3033E+11,120,3,Block Group 3,12000.3,116.8044897,1092,1077.965,1083.977,1088.726,1098.898,1111.451,1130.776,1157.992,17.958,1.67%,65.992,6.04%,9.897435897,66,6,9.333333333
368,5.3033E+11,115,2,Block Group 2,11500.2,131.4956459,1424,1422.724,1423.308,1432.263,1435.057,1453.675,1484.285,1480.306,-68.061,-4.56%,56.306,3.95%,11.29770992,56,4,10.87022901
369,5.3033E+11,108,2,Block Group 2,10800.2,170.2630207,1307,1306.166,1306.991,1307.129,1321.245,1339.756,1359.506,1366.501,-22.053,-1.66%,59.501,4.55%,8.041176471,60,4.6,7.688235294
370,5.3033E+11,97.02,1,Block Group 1,9702.1,107.7989812,1246,1247.084,1249.107,1257.187,1267.138,1278.036,1289.353,1311.133,19.949,1.63%,65.133,5.23%,12.13888889,65,5.2,11.53703704
371,5.3033E+11,96,2,Block Group 2,9600.2,49.23302901,1002,1004.786,1036.06,1044.257,1052.861,1070.112,1098.028,1132.595,153.966,18.16%,130.595,13.03%,23.12244898,131,13,20.44897959
372,5.3033E+11,96,4,Block Group 4,9600.4,71.67093892,1187,1185.909,1186.091,1190.734,1201.435,1214.061,1233.753,1261.421,149.957,14.46%,74.421,6.27%,17.51388889,74,6.3,16.48611111
373,5.3033E+11,1,3,Block Group 3,100.3,91.61135474,1337,1335.703,1468.104,1484.905,1497.311,1525.214,1566.308,1613.921,60.942,4.78%,276.921,20.71%,17.54347826,277,20.7,14.5326087
374,5.3033E+11,26,4,Block Group 4,2600.4,66.00036463,979,978.222,981.306,987.466,993.847,1006.188,1021.218,1046.799,77.963,8.65%,67.799,6.93%,15.86363636,68,6.9,14.83333333
375,5.3033E+11,26,1,Block Group 1,2600.1,60.63101181,1054,1053.108,1053.462,1057.973,1062.558,1074.539,1091.991,1117.001,25.958,2.53%,63.001,5.98%,18.31147541,63,6,17.27868852
376,5.3033E+11,14,3,Block Group 3,1400.3,93.59931753,1360,1358.752,1359.394,1372.871,1381.79,1396.446,1434.959,1481.23,75.949,5.92%,121.23,8.91%,15.75531915,121,8.9,14.46808511
377,5.3033E+11,4.02,2,Block Group 2,402.2,185.4251597,937,938.256,938.535,942.363,944.858,960.665,965.088,987.536,-1.036,-0.11%,50.536,5.39%,5.340540541,51,5.4,5.064864865
378,5.3033E+11,5,2,Block Group 2,500.2,99.95684477,877,876.257,876.308,879.293,875.891,887.916,905.531,931.302,15.964,1.85%,54.302,6.19%,9.31,54,6.2,8.77
379,5.3033E+11,32,6,Block Group 6,3200.6,138.9888093,1567,1558.746,1559.453,1572.464,1585.624,1616.001,1652.632,1698.38,210.946,15.56%,131.38,8.38%,12.21582734,131,8.4,11.27338129
380,5.3033E+11,30,1,Block Group 1,3000.1,101.5054542,1604,1594.031,1595.712,1603.34,1615.102,1630.368,1645.507,1687.272,89.94,5.94%,83.272,5.19%,16.53921569,83,5.2,15.7254902
381,5.3033E+11,30,4,Block Group 4,3000.4,80.26081617,1294,1292.981,1295.557,1302.313,1306.273,1333.283,1353.912,1382.761,80.952,6.67%,88.761,6.86%,17.2875,89,6.9,16.175
382,5.3033E+11,24,3,Block Group 3,2400.3,95.4437121,1202,1188.464,1193.627,1200.937,1208.315,1223.398,1239.644,1262.332,136.956,12.86%,60.332,5.02%,13.28421053,60,5,12.65263158
383,5.3033E+11,8,2,Block Group 2,800.2,161.6536221,1415,1405.456,1405.345,1420.233,1420.582,1436.845,1456.667,1492.255,10.943,0.78%,77.255,5.46%,9.209876543,77,5.5,8.734567901
384,5.3033E+11,9,2,Block Group 2,900.2,105.589496,926,923.585,935.582,936.741,941.63,958.45,984.73,1011.248,7.963,0.87%,85.248,9.21%,9.537735849,85,9.2,8.735849057
385,5.3033E+11,25,2,Block Group 2,2500.2,89.53418691,1398,1400.817,1394.091,1401.883,1385.231,1406.674,1434.539,1473.597,194.952,16.21%,75.597,5.41%,16.37777778,76,5.4,15.53333333
386,5.3033E+11,58.02,1,Block Group 1,5802.1,90.75735854,1491,1493.354,1494.523,1509.726,1534.742,1556.776,1595.476,1650.694,41.942,2.89%,159.694,10.71%,18.14285714,160,10.7,16.38461538
387,5.3033E+11,58.01,1,Block Group 1,5801.1,52.57463507,1133,1133.608,1147.428,1137.55,1162.441,1191.076,1239.72,1257.961,150.96,15.37%,124.961,11.03%,23.73584906,125,11,21.37735849
388,5.3033E+11,47,2,Block Group 2,4700.2,210.5160677,1394,1401.081,1395.59,1389.334,1411.321,1436.621,1453.639,1625.836,301.957,27.65%,231.836,16.63%,7.706161137,232,16.6,6.606635071
389,5.3033E+11,34,3,Block Group 3,3400.3,66.72240656,1023,1025.377,1031.129,1043.238,1051.985,1067.189,1086.437,1114.088,70.96,7.45%,91.088,8.90%,16.62686567,91,8.9,15.26865672
390,5.3033E+11,66,2,Block Group 2,6600.2,60.27493296,1751,1748.82,1755.769,1791.301,1812.938,1877.89,1919.642,1941.613,163.937,10.33%,190.613,10.89%,32.36666667,191,10.9,29.18333333
391,5.3033E+11,74.01,2,Block Group 2,7401.2,17.87486195,917,1343.432,1395.907,1405.141,1416.718,1439.346,1540.942,1664.948,-113.04,-10.97%,747.948,81.57%,92.5,748,81.6,50.94444444
392,5.3033E+11,61,1,Block Group 1,6100.1,62.31596775,1214,1217.961,1221.224,1224.229,1238.061,1260.809,1287.185,1395.794,139.957,13.03%,181.794,14.98%,22.51612903,182,15,19.58064516
393,5.3033E+11,52,1,Block Group 1,5200.1,18.67746022,1088,1077.494,1090.051,1096.938,1106.358,1123.32,1189.912,1223.784,-33.045,-2.95%,135.784,12.48%,64.42105263,136,12.5,57.26315789
394,5.3033E+11,64,3,Block Group 3,6400.3,91.52931575,1193,1195.416,1198.905,1206.101,1213.251,1220.353,1241.6,1262.285,4.952,0.42%,69.285,5.81%,13.7173913,69,5.8,12.9673913
395,5.3033E+11,62,1,Block Group 1,6200.1,338.5799334,1366,1366.578,1365.539,1371.552,1385.121,1404.102,1452.243,1484.489,41.949,3.17%,118.489,8.67%,4.377581121,118,8.7,4.029498525
396,5.3033E+11,63,3,Block Group 3,6300.3,101.5483351,1078,1080.784,1080.808,1090.989,1091.712,1111.907,1133.184,1159.309,-17.043,-1.56%,81.309,7.54%,11.3627451,81,7.5,10.56862745
397,5.3033E+11,48,1,Block Group 1,4800.1,68.21541727,1060,1061.113,1063.973,1070.128,1076.896,1091.021,1106.971,1133.055,63.96,6.42%,73.055,6.89%,16.66176471,73,6.9,15.58823529
398,5.3033E+11,60,2,Block Group 2,6000.2,104.0079787,1327,1327.576,1328.001,1333.247,1339.988,1355.067,1375.51,1402.696,138.956,11.70%,75.696,5.70%,13.49038462,76,5.7,12.75961538
399,5.3033E+11,81,2,Block Group 2,8100.2,96.9364757,1307,1311.564,1299.607,1308.754,1316.582,1335.147,1349.597,1907.225,262.958,25.19%,600.225,45.92%,19.65979381,600,45.9,13.4742268
400,5.3033E+11,75,4,Block Group 4,7500.4,58.58053136,1403,1458.512,1480.885,1697.013,1910.193,2486.604,3031.154,3171.019,512.964,57.63%,1768.019,126.02%,53.74576271,1768,126,23.77966102
401,5.3033E+11,79,4,Block Group 4,7900.4,18.91566981,967,965.625,965.947,972.183,979.904,995.91,1066.954,1112.799,182.967,23.34%,145.799,15.08%,58.57894737,146,15.1,50.89473684
402,5.3033E+11,100.01,2,Block Group 2,10001.2,221.4010082,1449,1449.65,1450.678,1465.222,1491.698,1514.186,1551.079,1624.329,34.942,2.47%,175.329,12.10%,7.34841629,175,12.1,6.556561086
403,5.3033E+11,101,4,Block Group 4,10100.4,97.29576693,1546,1555.015,1561.644,1575.948,1590.843,1630.235,1678.07,1719.877,286.95,22.79%,173.877,11.25%,17.73195876,174,11.2,15.93814433
404,5.3033E+11,100.02,3,Block Group 3,10002.3,59.97815939,921,922.388,924.345,931.575,935.584,944.256,957.732,975.49,-166.044,-15.28%,54.49,5.92%,16.25,54,5.9,15.35
405,5.3033E+11,100.02,2,Block Group 2,10002.2,61.77239156,1289,1287.953,1288.657,1294.842,1293.048,1379.308,1406.976,1572.603,-97.053,-7.00%,283.603,22.00%,25.37096774,284,22,20.79032258
406,5.3033E+11,106,3,Block Group 3,10600.3,94.59712906,1551,1550.891,1562.923,1567.065,1588.856,1614.527,1687.744,1734.894,51.938,3.47%,183.894,11.86%,18.26315789,184,11.9,16.32631579
407,5.3033E+11,105,1,Block Group 1,10500.1,69.09362979,1016,1297.688,1332.304,1437.029,1457.346,1476.228,1638.066,1703.799,123.965,13.90%,687.799,67.70%,24.69565217,688,67.7,14.72463768
408,5.3033E+11,99,2,Block Group 2,9900.2,263.0627052,1431,1437.059,1452.002,1474.832,1484.471,1531.614,1575.345,1616.56,91.948,6.87%,185.56,12.97%,6.148288973,186,13,5.441064639
409,5.3033E+11,109,2,Block Group 2,10900.2,515.4789355,558,557.43,557.477,559.735,559.582,564.402,578.201,589.462,52.984,10.49%,31.462,5.64%,1.14368932,31,5.6,1.083495146
410,5.3033E+11,112,3,Block Group 3,11200.3,131.8314621,1627,1628.301,1630.436,1640.107,1655.999,1675.321,1717.185,1717.664,89.939,5.85%,90.664,5.57%,13.01515152,91,5.6,12.32575758
411,5.3033E+11,104.02,3,Block Group 3,10402.3,74.62063585,960,961.493,962.137,966.408,972.248,993.699,1012.463,1030.985,23.961,2.56%,70.985,7.39%,13.74666667,71,7.4,12.8
412,5.3033E+11,117,2,Block Group 2,11700.2,392.0230499,1527,1517.515,1527.762,1538.077,1550.343,1569.698,1603.853,1629.257,112.943,7.99%,102.257,6.70%,4.155612245,102,6.7,3.895408163
413,5.3033E+11,103,5,Block Group 5,10300.5,91.23402482,1338,1347.032,1373.535,1591.015,1629.537,1662.442,1701.137,1741.802,-29.056,-2.13%,403.802,30.18%,19.14285714,404,30.2,14.7032967
414,5.3033E+11,117,4,Block Group 4,11700.4,213.8590817,1129,1130.48,1136.64,1142.556,1150.332,1164.625,1179.328,1197.916,175.962,18.46%,68.916,6.10%,5.598130841,69,6.1,5.275700935
415,5.3033E+11,103,2,Block Group 2,10300.2,75.2060285,1255,1254.224,1255.307,1265.75,1276.076,1292.792,1311.809,1329.739,-91.053,-6.76%,74.739,5.96%,17.73333333,75,6,16.73333333
416,5.3033E+11,118,4,Block Group 4,11800.4,96.54728473,1124,1125.33,1126.625,1153.678,1163.487,1185.591,1209.482,1235.628,-355.061,-24.01%,111.628,9.93%,12.74226804,112,9.9,11.58762887
417,5.3033E+11,118,3,Block Group 3,11800.3,83.89647764,1091,1090.333,1093.697,1098.056,1107.54,1118.724,1136.333,1155.792,-2.046,-0.19%,64.792,5.94%,13.76190476,65,5.9,12.98809524
418,5.3033E+11,121,2,Block Group 2,12100.2,211.5818649,1524,1522.76,1525.148,1532.026,1542.457,1558.389,1580.712,1615.359,15.94,1.06%,91.359,6.00%,7.617924528,91,6,7.188679245
419,5.3033E+11,116,6,Block Group 6,11600.6,219.8616507,1188,1191.022,1194.808,1196.889,1196.921,1214.926,1236.572,1223.967,82.954,7.51%,35.967,3.03%,5.563636364,36,3,5.4
420,5.3033E+11,115,1,Block Group 1,11500.1,136.8946513,1352,1354.517,1354.508,1363.48,1371.014,1380.106,1401.235,1434.826,38.947,2.97%,82.826,6.13%,10.47445255,83,6.1,9.868613139
421,5.3033E+11,114.01,1,Block Group 1,11401.1,90.61230769,1342,1344.364,1345.455,1353.085,1368.756,1388.16,1418.178,1450.839,57.949,4.51%,108.839,8.11%,15.94505495,109,8.1,14.74725275
422,5.3033E+11,107.01,2,Block Group 2,10701.2,125.6389291,1229,1227.962,1228.559,1234.356,1251.377,1286.676,1332.009,1397.041,41.954,3.53%,168.041,13.67%,11.08730159,168,13.7,9.753968254
423,5.3033E+11,98,1,Block Group 1,9800.1,123.1004877,1246,1240.542,1252.823,1259.228,1359.895,1395.978,1421.552,1458.335,52.953,4.44%,212.335,17.04%,11.85365854,212,17,10.1300813
424,5.3033E+11,96,3,Block Group 3,9600.3,88.26530078,1010,1009.05,1009.457,1009.481,1028.292,1045.501,1070.208,1092.565,-33.043,-3.17%,82.565,8.18%,12.42045455,83,8.2,11.47727273
425,5.3033E+11,56,3,Block Group 3,5600.3,217.3700937,1289,1290.106,1290.762,1287.654,1299.066,1312.367,1335.389,1368.353,-3.054,-0.24%,79.353,6.16%,6.304147465,79,6.2,5.940092166
426,5.3033E+11,70,6,Block Group 6,7000.6,37.14315113,1035,1033.626,1034.083,1051.411,1059.984,1079.999,1099.441,1134.987,-14.042,-1.34%,99.987,9.66%,30.67567568,100,9.7,27.97297297
427,5.3033E+11,69,4,Block Group 4,6900.4,54.6058413,1163,1172.955,1178.174,1179.772,1206.882,1256.247,1302.138,1338.526,124.958,12.04%,175.526,15.09%,24.34545455,176,15.1,21.14545455
428,5.3033E+11,56,4,Block Group 4,5600.4,111.4153684,1205,1204.058,1207.441,1212.034,1214.099,1231.959,1252.098,1264.948,1.953,0.16%,59.948,4.98%,11.3963964,60,5,10.85585586
429,5.3033E+11,6,3,Block Group 3,600.3,189.4201124,1415,1415.858,1420.117,1423.134,1440.401,1459.567,1480.717,1518.639,227.95,19.20%,103.639,7.32%,8.037037037,104,7.3,7.486772487
430,5.3033E+11,7,3,Block Group 3,700.3,80.58477132,864,863.232,863.711,868.154,876.287,888.219,904.92,927.565,113.969,15.20%,63.565,7.36%,11.45679012,64,7.4,10.66666667
431,5.3033E+11,6,1,Block Group 1,600.1,222.6058709,1407,1409.146,1409.375,1415.559,1421.504,1433.022,1448.354,1485.032,98.948,7.57%,78.032,5.55%,6.659192825,78,5.5,6.30941704
432,5.3033E+11,12,3,Block Group 3,1200.3,61.02489779,1349,1347.154,1347.697,1354.425,1360.6,1749.443,1830.839,1896.5,196.954,17.10%,547.5,40.59%,31.09836066,548,40.6,22.1147541
433,5.3033E+11,6,4,Block Group 4,600.4,240.7787419,1544,1544.3,1545.301,1547.99,1562.785,1590.468,1611.122,1557.757,73.942,5.03%,13.757,0.89%,6.46473029,14,0.9,6.406639004
434,5.3033E+11,17.01,1,Block Group 1,1701.1,80.0050621,1605,1603.36,1616.197,1629.031,1651.184,1668.533,1699.957,1691.349,417.954,35.21%,86.349,5.38%,21.1375,86,5.4,20.0625
435,5.3033E+11,15,2,Block Group 2,1500.2,154.1073386,1249,1246.042,1246.64,1254.724,1261.389,1267.152,1289.347,1330.155,48.95,4.08%,81.155,6.50%,8.636363636,81,6.5,8.11038961
436,5.3033E+11,17.02,3,Block Group 3,1702.3,72.72904416,1004,1004.759,1004.768,1009.784,1018.37,1037.354,1041.723,1245.707,59.962,6.35%,241.707,24.07%,17.06849315,242,24.1,13.75342466
437,5.3033E+11,5,1,Block Group 1,500.1,430.7203905,1236,1236.693,1234.692,1243.386,1251.812,1262.92,1283.151,1313.138,-159.056,-11.40%,77.138,6.24%,3.046403712,77,6.2,2.86774942
438,5.3033E+11,35,2,Block Group 2,3500.2,82.91892875,1335,1333.594,1328.727,1332.78,1340.651,1354.467,1371.707,1408.887,91.953,7.40%,73.887,5.54%,16.97590361,74,5.5,16.08433735
439,5.3033E+11,33,3,Block Group 3,3300.3,64.69218875,1694,1718.142,1721.969,1748.051,1796.117,1842.3,1914.977,2053.777,178.938,11.81%,359.777,21.24%,31.6,360,21.2,26.06153846
440,5.3033E+11,30,3,Block Group 3,3000.3,96.56161684,1407,1405.767,1405.849,1415.121,1417.776,1434.067,1455.738,1494.189,57.945,4.30%,87.189,6.20%,15.40206186,87,6.2,14.50515464
441,5.3033E+11,31,3,Block Group 3,3100.3,73.03693746,1284,1284.876,1284.577,1287.929,1292.048,1303.637,1318.381,1351.143,22.948,1.82%,67.143,5.23%,18.50684932,67,5.2,17.5890411
442,5.3033E+11,29,1,Block Group 1,2900.1,89.13980672,1393,1391.813,1392.597,1395.677,1406.887,1432.054,1540.986,1583.225,26.944,1.97%,190.225,13.66%,17.78651685,190,13.7,15.65168539
443,5.3033E+11,38,2,Block Group 2,3800.2,68.89396864,961,960.205,960.367,959.602,975.881,973.792,990.146,1015.55,6.96,0.73%,54.55,5.68%,14.72463768,55,5.7,13.92753623
444,5.3033E+11,40,2,Block Group 2,4000.2,83.30169499,989,979.562,980.002,980.069,989.133,1003.314,1013.16,1037.752,120.966,13.94%,48.752,4.93%,12.5060241,49,4.9,11.91566265
445,5.3033E+11,46,1,Block Group 1,4600.1,263.0567332,1078,1078.741,1079.394,1086.612,1097.299,1117.941,1129.59,1159.012,44.955,4.35%,81.012,7.52%,4.406844106,81,7.5,4.098859316
446,5.3033E+11,43.01,2,Block Group 2,4301.2,64.61459766,1208,1208.691,1209.378,1219.151,1220.842,1244.093,1263.739,1295.114,46.954,4.04%,87.114,7.21%,19.92307692,87,7.2,18.58461538
447,5.3033E+11,44,2,Block Group 2,4400.2,81.78422084,1633,1631.545,1632.175,1631.615,1659.778,1848.828,1901.418,1941.253,92.938,6.04%,308.253,18.88%,23.67073171,308,18.9,19.91463415
448,5.3033E+11,36,4,Block Group 4,3600.4,66.75403604,1829,1818.359,1822.432,1827.718,1860.274,1929.344,1967.353,2148.624,395.941,27.63%,319.624,17.48%,32.07462687,320,17.5,27.29850746
449,5.3033E+11,67,2,Block Group 2,6700.2,73.11625829,1737,1741.172,1743.605,1945.284,2109.478,2557.508,2989.31,3117.401,422.948,32.19%,1380.401,79.47%,42.69863014,1380,79.5,23.79452055
450,5.3033E+11,54,2,Block Group 2,5400.2,110.5210575,1316,1314.465,1313.328,1320.84,1343.741,1358.651,1521.199,1697.854,203.957,18.34%,381.854,29.02%,15.2972973,382,29,11.85585586
451,5.3033E+11,54,4,Block Group 4,5400.4,53.82548251,1233,1366.498,1386.369,1646.068,1683.572,1704.872,1997.829,2068.067,241.961,24.42%,835.067,67.73%,38.2962963,835,67.7,22.83333333
452,5.3033E+11,54,1,Block Group 1,5400.1,55.70916683,1120,1120.624,1117.041,1129.586,1132.337,1147.359,1168.822,1199.826,19.956,1.81%,79.826,7.13%,21.42857143,80,7.1,20
453,5.3033E+11,61,4,Block Group 4,6100.4,52.22005825,1159,1166.193,1166.962,1177.002,1198.546,1236.851,1278.487,1394.051,7.954,0.69%,235.051,20.28%,26.80769231,235,20.3,22.28846154
454,5.3033E+11,51,2,Block Group 2,5100.2,78.78930363,1243,1234.504,1237.473,1243.959,1249.526,1261.673,1281.306,1306.894,35.949,2.98%,63.894,5.14%,16.5443038,64,5.1,15.73417722
455,5.3033E+11,61,2,Block Group 2,6100.2,97.00273191,1099,1095.087,1096.095,1101.378,1109.677,1123.933,1147.528,1178.327,-61.047,-5.26%,79.327,7.22%,12.1443299,79,7.2,11.32989691
456,5.3033E+11,63,4,Block Group 4,6300.4,277.3878983,1287,1290.19,1296.811,1299.53,1314.085,1333.548,1360.883,1393.124,-18.053,-1.38%,106.124,8.25%,5.028880866,106,8.2,4.646209386
457,5.3033E+11,80.01,3,Block Group 3,8001.3,60.83134214,1054,1052.459,1052.818,1059.807,1068.597,1087.637,1117.189,1271.677,415.974,65.20%,217.677,20.65%,20.85245902,218,20.7,17.27868852
458,5.3033E+11,70,4,Block Group 4,7000.4,29.38725454,1088,1086.477,1095.454,1102.137,1116.886,1137.406,1218.384,1249.436,77.96,7.72%,161.436,14.84%,43.06896552,161,14.8,37.51724138
459,5.3033E+11,60,4,Block Group 4,6000.4,64.48644603,1185,1191.441,1194.09,1237.058,1244.791,1266.215,1299.11,1467.589,173.959,17.21%,282.589,23.85%,22.9375,283,23.8,18.515625
460,5.3033E+11,49,4,Block Group 4,4900.4,54.31870485,1276,1272.567,1277.51,1286.203,1298.236,1323.23,1338.877,1387.594,31.95,2.57%,111.594,8.75%,25.7037037,112,8.7,23.62962963
461,5.3033E+11,81,1,Block Group 1,8100.1,82.29211441,1478,1476.037,1477.243,1818.367,1873.643,1906.903,1964.237,1923.993,309.953,26.54%,445.993,30.18%,23.46341463,446,30.2,18.02439024
462,5.3033E+11,73,3,Block Group 3,7300.3,93.83184369,1613,1610.847,1611.705,1622.614,1821.394,2264.36,2678.871,3318.968,1367.991,558.34%,1705.968,105.76%,35.30851064,1706,105.8,17.15957447
463,5.3033E+11,83,1,Block Group 1,8300.1,27.1445261,933,931.592,933.836,940.891,949.791,967.868,995.937,977.063,-272.048,-22.58%,44.063,4.72%,36.18518519,44,4.7,34.55555556
464,5.3033E+11,86,1,Block Group 1,8600.1,63.9278918,1207,1215.405,1215.896,1287.877,1559.315,1600.026,1723.413,1752.546,348.967,40.67%,545.546,45.20%,27.390625,546,45.2,18.859375
465,5.3033E+11,79,5,Block Group 5,7900.5,29.92594427,1167,1167.546,1174.284,1407.244,1446.359,1513.635,1588.927,1855.696,-16.048,-1.36%,688.696,59.01%,61.86666667,689,59,38.9
466,5.3033E+11,87,2,Block Group 2,8700.2,40.53269565,1112,1111.076,1111.772,1130.101,1162.437,1194.907,1258.06,1311.463,92.958,9.12%,199.463,17.94%,31.97560976,199,17.9,27.12195122
467,5.3033E+11,79,1,Block Group 1,7900.1,47.71777881,1025,1025.72,1031.135,1040.198,1048.655,1068.229,1206.409,1273.837,394.975,62.69%,248.837,24.28%,26.54166667,249,24.3,21.35416667
468,5.3033E+11,77,1,Block Group 1,7700.1,97.71510476,1171,1173.648,1174.058,1183.693,1191.69,1217.824,1245.906,1284.722,-14.047,-1.19%,113.722,9.71%,13.1122449,114,9.7,11.94897959
469,5.3033E+11,78,2,Block Group 2,7800.2,120.9326322,1527,1529.938,1530.403,1547.194,1554.07,1569.79,1601.762,1644.835,-21.063,-1.36%,117.835,7.72%,13.59504132,118,7.7,12.61983471
470,5.3033E+11,93,3,Block Group 3,9300.3,1595.2486,1149,1148.089,1148.488,1154.904,1160.992,1173.018,1199.136,1199.331,176.96,18.21%,50.331,4.38%,0.751724138,50,4.4,0.720376176
471,5.3033E+11,101,2,Block Group 2,10100.2,123.1504029,1012,1006.544,1009.24,1012.169,1015.574,1025.888,1039.034,1046.032,79.965,8.58%,34.032,3.36%,8.504065041,34,3.4,8.227642276
472,5.3033E+11,93,2,Block Group 2,9300.2,560.003259,389,388.681,388.755,390.064,391.662,1106.072,1212.427,1246.107,-278.025,-41.68%,857.107,220.34%,2.225,857,220.3,0.694642857
473,5.3033E+11,95,1,Block Group 1,9500.1,169.4569754,1545,1543.724,1545.873,1558.4,1567.189,1592.082,1641.087,1680.372,-22.063,-1.41%,135.372,8.76%,9.940828402,135,8.8,9.142011834
474,5.3033E+11,95,2,Block Group 2,9500.2,191.4458824,1547,1551.799,1558.844,1571.97,1584.151,1605.56,1631.601,1744.847,115.94,8.10%,197.847,12.79%,9.136125654,198,12.8,8.09947644
475,5.3033E+11,89,2,Block Group 2,8900.2,75.30610618,1272,1285.96,1296.861,1315.277,1339.735,1362.542,1415.656,1456.787,21.952,1.76%,184.787,14.53%,19.42666667,185,14.5,16.96
476,5.3033E+11,108,3,Block Group 3,10800.3,170.3853378,1931,1945.03,1951.13,1961.372,1999.438,2019.864,2071.337,2111.007,265.934,15.97%,180.007,9.32%,12.41764706,180,9.3,11.35882353
477,5.3033E+11,97.01,4,Block Group 4,9701.4,190.5651988,1538,1536.57,1539.843,1545.116,1567.923,1593.072,1631.724,1670.279,-14.065,-0.91%,132.279,8.60%,8.743455497,132,8.6,8.052356021
